geo,text,user
,RT @atulpradhansp: सरधना विधानसभा क्षेत्रों में पाल समाज का सम्मेलन आयोजित किया गया। इस दौरान भारी संख्या में पाल समाज के लोगों ने माननीय अ…,mr_ss_yadav01
,"RT @bstvlive: Lucknow 

➡सपा अध्यक्ष @yadavakhilesh का ट्वीट

➡खेत बचाओ तार से- अखिलेश यादव

➡किसान बचाओ थार से-अखिलेश यादव।

#Lucknow http…",Sarvesh88530285
,"RT @samajwadiparty: ये गर्मी निकालना चाहते हैं और हम लोग अपने नौजवानों के लिए नौकरी निकालना चाहते हैं:-

माननीय राष्ट्रीय अध्यक्ष श्री अखि…",Danny1213604538
,"RT @AmanChopra_: इस मामले में अखिलेश यादव ने योगी को पछाड़ा। 

योगी की संपत्ति 1.54 करोड़ 
अखिलेश यादव ने 40.14 करोड़ रुपये बताई है।
 
CM र…",aovishwakarma
,"RT @Tina_Yadav_SP: 4 फरवरी का कार्यक्रम -

राष्ट्रीय लोकदल के राष्ट्रीय अध्यक्ष चौधरी जयंत सिंह जी और समाजवादी पार्टी के राष्ट्रीय अध्यक्ष…",ragibrana15
,RT @KhadedaHobe: सपा सरकार बनने पर #COVID19 काल मे Over Age हुए बच्चों क़ो नौकरी के लिए #एज मे छूट दिया जायेगा - अखिलेश यादव,sakhter35
,"RT @AmanChopra_: इस मामले में अखिलेश यादव ने योगी को पछाड़ा। 

योगी की संपत्ति 1.54 करोड़ 
अखिलेश यादव ने 40.14 करोड़ रुपये बताई है।
 
CM र…",LalchandUpadhy4
,RT @puneetsinghlive: BJP ने जानबूझकर पेपर लीक करवाकर नौकरियों की परीक्षा रद्द करवाई : अखिलेश यादव,ABHAYSH12507176
,RT @puneetsinghlive: BJP ने जानबूझकर पेपर लीक करवाकर नौकरियों की परीक्षा रद्द करवाई : अखिलेश यादव,zibrailmohamma3
,RT @kapilgujjarhin1: धन्यवाद अखिलेश यादव जी गुर्जर सम्राट मिहिर भोज जी की फोटो अपने रथ पर लगाने के लिये @yadavakhilesh @rajkumarbhatisp htt…,bsgurjar85
,"RT @AmanChopra_: इस मामले में अखिलेश यादव ने योगी को पछाड़ा। 

योगी की संपत्ति 1.54 करोड़ 
अखिलेश यादव ने 40.14 करोड़ रुपये बताई है।
 
CM र…",SanjayS35182082
,"RT @AmanChopra_: इस मामले में अखिलेश यादव ने योगी को पछाड़ा। 

योगी की संपत्ति 1.54 करोड़ 
अखिलेश यादव ने 40.14 करोड़ रुपये बताई है।
 
CM र…",MugdhaThakur1
,RT @puneetsinghlive: BJP ने जानबूझकर पेपर लीक करवाकर नौकरियों की परीक्षा रद्द करवाई : अखिलेश यादव,MohdFurkan9936
,"RT @AmanChopra_: इस मामले में अखिलेश यादव ने योगी को पछाड़ा। 

योगी की संपत्ति 1.54 करोड़ 
अखिलेश यादव ने 40.14 करोड़ रुपये बताई है।
 
CM र…",CPJain14515215
,"RT @AmanChopra_: इस मामले में अखिलेश यादव ने योगी को पछाड़ा। 

योगी की संपत्ति 1.54 करोड़ 
अखिलेश यादव ने 40.14 करोड़ रुपये बताई है।
 
CM र…",gaganmharaj
,RT @chaubeyji2014: @yadavakhilesh यह कैसा समाजवाद है? जहाँ अपनी पिता की उम्र के समाजवादी नेता रामगोविंद चौधरी से अखिलेश यादव अपने पैर छुआ र…,SANDEEP56207489
,"RT @YPSMMD_Azad01: अखिलेश यादव - हाय रे मेरी साईकिल को लटका दिया इस उत्तर प्रदेश की जनता ने फिर से ।😭😭😭

अब में क्या करू 2027 में आ ऊ  की न…",Rebaribjp
,"RT @samajwadiparty: ये गर्मी निकालना चाहते हैं और हम लोग अपने नौजवानों के लिए नौकरी निकालना चाहते हैं:-

माननीय राष्ट्रीय अध्यक्ष श्री अखि…",AmitSin68997834
,RT @KhadedaHobe: सपा सरकार बनने पर #COVID19 काल मे Over Age हुए बच्चों क़ो नौकरी के लिए #एज मे छूट दिया जायेगा - अखिलेश यादव,jaiprakashyd
,"RT @AmanChopra_: इस मामले में अखिलेश यादव ने योगी को पछाड़ा। 

योगी की संपत्ति 1.54 करोड़ 
अखिलेश यादव ने 40.14 करोड़ रुपये बताई है।
 
CM र…",shubham34505994
,RT @Sanjaykom99Arya: अखिलेश यादव कब से अंबेडकरवादी हो गए हैं कहीं अपने आने वाले हार से घबराकर तो नहीं?,harkesh29887135
,"RT @AmanChopra_: इस मामले में अखिलेश यादव ने योगी को पछाड़ा। 

योगी की संपत्ति 1.54 करोड़ 
अखिलेश यादव ने 40.14 करोड़ रुपये बताई है।
 
CM र…",Vih_kising
,"RT @CheckJila: फतेहाबाद में सिसोदिया कोल्ड स्टोरेज पर 
मा अखिलेश यादव जी सभा को संबोधित करते हुए
फतेहाबाद ने ठाना है 
फतेहाबाद का विधायक रु…",Rampaly84890392
,"RT @AmanChopra_: इस मामले में अखिलेश यादव ने योगी को पछाड़ा। 

योगी की संपत्ति 1.54 करोड़ 
अखिलेश यादव ने 40.14 करोड़ रुपये बताई है।
 
CM र…",shalinirai62589
,समाजवादी पार्टी के राष्ट्रीय अध्यक्ष आदरणीय अखिलेश यादव जी की प्रेस वार्ता जिला अलीगढ़ https://t.co/uYj3OenGrb,viranderyadavsp
,"RT @YPSMMD_Azad01: अखिलेश यादव - हाय रे मेरी साईकिल को लटका दिया इस उत्तर प्रदेश की जनता ने फिर से ।😭😭😭

अब में क्या करू 2027 में आ ऊ  की न…",AjitKum55343638
,RT @swatantrabjp: यूपी के विकास से प्रभावित होकर स्वयं अखिलेश यादव भी ‘कमल’ का बटन दबा सकते है…,MaheshK23179312
,"RT @AmanChopra_: इस मामले में अखिलेश यादव ने योगी को पछाड़ा। 

योगी की संपत्ति 1.54 करोड़ 
अखिलेश यादव ने 40.14 करोड़ रुपये बताई है।
 
CM र…",Kapilbehl9
,"RT @AmanChopra_: इस मामले में अखिलेश यादव ने योगी को पछाड़ा। 

योगी की संपत्ति 1.54 करोड़ 
अखिलेश यादव ने 40.14 करोड़ रुपये बताई है।
 
CM र…",HariomKumhar
,"RT @AmanChopra_: इस मामले में अखिलेश यादव ने योगी को पछाड़ा। 

योगी की संपत्ति 1.54 करोड़ 
अखिलेश यादव ने 40.14 करोड़ रुपये बताई है।
 
CM र…",Navneet_1980
,"RT @bstvlive: Mathura

➡अखिलेश यादव और जयंत चौधरी का मथुरा दौरा

➡मांट में अखिलेश सपा-RLD प्रत्याशी के पक्ष में करेंगे प्रचार

➡गोवर्धन में…",yashokkumary
,"RT @AmanChopra_: इस मामले में अखिलेश यादव ने योगी को पछाड़ा। 

योगी की संपत्ति 1.54 करोड़ 
अखिलेश यादव ने 40.14 करोड़ रुपये बताई है।
 
CM र…",LakkyRoi
,"RT @AmanChopra_: इस मामले में अखिलेश यादव ने योगी को पछाड़ा। 

योगी की संपत्ति 1.54 करोड़ 
अखिलेश यादव ने 40.14 करोड़ रुपये बताई है।
 
CM र…",hindustani304
,"RT @Tina_Yadav_SP: मुख्यमंत्री गर्मी की बात बोल रहे हैं 

हम सरकार बन जाने पर युवाओं को नौकरी में ‘भर्ती’ देंगे - 

श्री अखिलेश यादव जी htt…",NANDLAL14280217
,RT @KhadedaHobe: सपा सरकार बनने पर #COVID19 काल मे Over Age हुए बच्चों क़ो नौकरी के लिए #एज मे छूट दिया जायेगा - अखिलेश यादव,yadavrahul21597
,"RT @RahulSingh_SP: बस यही फर्क है जो सबसे अलग करता मा श्री अखिलेश यादव जी को जो हमेशा विकास गरीबों बेरोजगारों की बात करते हैं..
मा. श्री अ…",Vinay726
,"#lonividhansabha53 

आज ग़ाज़ियाबाद विधानसभा लोनी के सपा रालोद सयुक्त प्रत्यासी मदन भैया जी के लिए अपने समाज मे 
वोट की अपील की 

#जयंत_चौधरी #अखिलेश_यादव 
#JayantChaudhary 
#RLD #sp #madanbhaiya 
#JaiBhim #jaibharat 
#jaikishor https://t.co/4Mi4DsDLN4",jaikishorrld
,"RT @AmanChopra_: इस मामले में अखिलेश यादव ने योगी को पछाड़ा। 

योगी की संपत्ति 1.54 करोड़ 
अखिलेश यादव ने 40.14 करोड़ रुपये बताई है।
 
CM र…",AdityaJHindu
,"RT @AmanChopra_: इस मामले में अखिलेश यादव ने योगी को पछाड़ा। 

योगी की संपत्ति 1.54 करोड़ 
अखिलेश यादव ने 40.14 करोड़ रुपये बताई है।
 
CM र…",Bhaktforever2
,"अखिलेश यादव इस बार यूपी का कंट्रोल ले लेंगे वापस!!
#UPElections2022 https://t.co/4lIcSu4hDS",Drpankajyadav25
,RT @shubham951821: उत्तर प्रदेश में अखिलेश यादव जी की सरकार बनने जा रही है किसी को कोई परेशानी,atri9956
,"RT @RahulSingh_SP: बस यही फर्क है जो सबसे अलग करता मा श्री अखिलेश यादव जी को जो हमेशा विकास गरीबों बेरोजगारों की बात करते हैं..
मा. श्री अ…",mulayamyadav_
,"मेरा वोट श्री अखिलेश यादव को और आप का... 
@RakeshVermaSP @samajwadiparty 
@GudiyaKumudini @RachnaSinghSP https://t.co/KRmxZipbRv",SiddhantKapil5
,"RT @Noida100: #यूपी_चुनाव नामांकन रिकॉर्ड - 

योगी जी की संपत्ति 1.54 करोड़ 
अखिलेश यादव की 40.14 करोड़

योगी जी पर एक भी क्रिमिनल केस नहीं…",Saurabh15536816
,"RT @AmanChopra_: इस मामले में अखिलेश यादव ने योगी को पछाड़ा। 

योगी की संपत्ति 1.54 करोड़ 
अखिलेश यादव ने 40.14 करोड़ रुपये बताई है।
 
CM र…",albakar12
,"RT @ARajesh_SP: भीड़ के लिए अखिलेश यादव और जयंत चौधरी पर कार्रवाई करने वाला चुनाव आयोग अमित शाह और योगी के आगे नतमस्तक हो जाता है?
लोकतंत्र…",yadav1prashant1
,"RT @RahulSingh_SP: बस यही फर्क है जो सबसे अलग करता मा श्री अखिलेश यादव जी को जो हमेशा विकास गरीबों बेरोजगारों की बात करते हैं..
मा. श्री अ…",kushinagar_ajay
,"RT @AmanChopra_: इस मामले में अखिलेश यादव ने योगी को पछाड़ा। 

योगी की संपत्ति 1.54 करोड़ 
अखिलेश यादव ने 40.14 करोड़ रुपये बताई है।
 
CM र…",Narendrasimhad4
,"RT @RaakeshDhawan: बड़ी खबर... सुप्रीम कोर्ट के अधिवक्ता विश्वनाथ चतुर्वेदी ने करहल के रिटर्निंग ऑफिसर को लिखा पत्र, कहा कि अखिलेश यादव ने…",shivs08
,RT @puneetsinghlive: BJP ने जानबूझकर पेपर लीक करवाकर नौकरियों की परीक्षा रद्द करवाई : अखिलेश यादव,GajenderDagar9
,"RT @AmanChopra_: इस मामले में अखिलेश यादव ने योगी को पछाड़ा। 

योगी की संपत्ति 1.54 करोड़ 
अखिलेश यादव ने 40.14 करोड़ रुपये बताई है।
 
CM र…",BajiraoPeshwa6
,"RT @AmanChopra_: इस मामले में अखिलेश यादव ने योगी को पछाड़ा। 

योगी की संपत्ति 1.54 करोड़ 
अखिलेश यादव ने 40.14 करोड़ रुपये बताई है।
 
CM र…",Dewbispeaks
,"RT @Noida100: #यूपी_चुनाव नामांकन रिकॉर्ड - 

योगी जी की संपत्ति 1.54 करोड़ 
अखिलेश यादव की 40.14 करोड़

योगी जी पर एक भी क्रिमिनल केस नहीं…",DeepsUnique3434
,"RT @AmanChopra_: इस मामले में अखिलेश यादव ने योगी को पछाड़ा। 

योगी की संपत्ति 1.54 करोड़ 
अखिलेश यादव ने 40.14 करोड़ रुपये बताई है।
 
CM र…",vishimehta
,"RT @YPSMMD_Azad01: अखिलेश यादव - हाय रे मेरी साईकिल को लटका दिया इस उत्तर प्रदेश की जनता ने फिर से ।😭😭😭

अब में क्या करू 2027 में आ ऊ  की न…",Patnawaale001
,"RT @AmanChopra_: इस मामले में अखिलेश यादव ने योगी को पछाड़ा। 

योगी की संपत्ति 1.54 करोड़ 
अखिलेश यादव ने 40.14 करोड़ रुपये बताई है।
 
CM र…",NevandramD
,"RT @RahulSingh_SP: बस यही फर्क है जो सबसे अलग करता मा श्री अखिलेश यादव जी को जो हमेशा विकास गरीबों बेरोजगारों की बात करते हैं..
मा. श्री अ…",itsmePranshu
,"##राष्ट्ररक्षक_महाराजा_ सुहेलदेव_ पासी_ अमर रहे##
##राष्ट्ररक्षक_ महाराजा_ सुहेलदेव_ पासी_अमर रहे##
##राष्ट्ररक्षक_ महाराजा_ सुहेलदेव_ पासी_ अमर रहे##
##@ अखिलेश यादव@ प्रियंका गांधी@ योगी आदित्यनाथ@ abp news https://t.co/m3Sm3QST0l",Ak26877364
,"RT @EccDD: अन्य पिछड़ा वर्ग विरोधी है यादव समाजवादी पार्टी, खानदानी धोखे बाज है अखिलेश यादव ।
@AnupriyaSPatel @ApnaDalOfficial @Mlarajkumar…",Farrukhabadiii
,"RT @janardanmis: अखिलेश यादव के साथ अब बचा ही कौन है?? 
अब्बा जान पहले से ही नाराज हैं 
चचाजान से बातचीत बंद है 
अपर्णा यादव अब उनके परिवार…",menajaherbalco1
,"RT @Vikrantsangwan1: ऐतिहासिक गाँव छुर, अपनो का स्वागत...
जयंत चौधरी ज़िंदाबाद, चौधहर भी बरकरार रहेगी और चौधराहट भी🥰🥰
#जयंत_चौधरी
#अखिलेश_…",vivek4_kumar
,"RT @AmanChopra_: इस मामले में अखिलेश यादव ने योगी को पछाड़ा। 

योगी की संपत्ति 1.54 करोड़ 
अखिलेश यादव ने 40.14 करोड़ रुपये बताई है।
 
CM र…",PVDagur
,"RT @Aneeshyadavmp: आगरा में माननी राष्ट्रीय अध्यक्ष श्री अखिलेश यादव जी का जनदेश जनता की आवाज अबकी बार अखिलेश की सरकार
जय हो विजय हो https:…",AsheeshYadav01
,"अखिलेश यादव की संपत्ति कितने मे होगी 

1- हजारों में 
2- लाखों में 
3- करोड़ो में 
4- अरबों में",DrPremShankerS1
,"RT @YPSMMD_Azad01: अखिलेश यादव - हाय रे मेरी साईकिल को लटका दिया इस उत्तर प्रदेश की जनता ने फिर से ।😭😭😭

अब में क्या करू 2027 में आ ऊ  की न…",iAjaySengar
,"अखिलेश यादव की SP को कितनी बढ़त मिल सकती है....और बीजेपी का क्या हाल है...
#UttarPradeshElections #IndiaNews #ITV 
@journotushar https://t.co/BsT5le8IOp",IndiaNews_itv
,"RT @AmanChopra_: इस मामले में अखिलेश यादव ने योगी को पछाड़ा। 

योगी की संपत्ति 1.54 करोड़ 
अखिलेश यादव ने 40.14 करोड़ रुपये बताई है।
 
CM र…",NPGLHC
,RT @aashishsy: मुख्यमंत्री असल में यह कह रहे हैं की जनता उनकी गर्मी निकाले और वापस उत्तराखंड भेजे - श्री अखिलेश यादव जी,Tanzeel47166518
,"RT @Priyans15139598: मुख्यमंत्री गर्मी की बात बोल रहे हैं 

हम सरकार बन जाने पर युवाओं को नौकरी में ‘भर्ती’ देंगे - 

श्री अखिलेश यादव जी h…",Prahlad68650157
,RT @puneetsinghlive: BJP ने जानबूझकर पेपर लीक करवाकर नौकरियों की परीक्षा रद्द करवाई : अखिलेश यादव,AdarshBillaiya
,"RT @nilesh00018: #फर्क_साफ_है
न्यूज़ खोल कर देख लेना।
हमारे महराज जी के पास अचल सम्पत्ति कुछ भी नही है ।

और वहीं अखिलेश यादव के पास 26 करो…",gajendr64040560
,"RT @AmanChopra_: इस मामले में अखिलेश यादव ने योगी को पछाड़ा। 

योगी की संपत्ति 1.54 करोड़ 
अखिलेश यादव ने 40.14 करोड़ रुपये बताई है।
 
CM र…",3179brijesh
,"RT @AmanChopra_: इस मामले में अखिलेश यादव ने योगी को पछाड़ा। 

योगी की संपत्ति 1.54 करोड़ 
अखिलेश यादव ने 40.14 करोड़ रुपये बताई है।
 
CM र…",sksingh_23
,"बस यही फर्क है जो सबसे अलग करता मा श्री अखिलेश यादव जी को जो हमेशा विकास गरीबों बेरोजगारों की बात करते हैं..
मा. श्री अखिलेश यादव जी जिंदाबाद
#बाइस_में_बाइसकिल
#RahulSingh https://t.co/RYQG8m9QW8",RahulSingh_SP
,"RT @Rishira47647652: भारतीय लोकतंत्र की एक खूबसूरत तस्वीर..
जब एक ही जगह पर मिल गए प्रतिस्पर्धी पार्टी के दो नेता श्रीमती प्रियंका गांधी ए…",07Eldho
,"योगी जी आप गर्मी निकालो 
हम समाजवादी लोग भर्ती निकालेंगे , रोजगार निकालेंगे । 

।।अखिलेश यादव जिंदाबाद ।।
🇧🇾🇧🇾🚴🚴🚴🇧🇾🇧🇾

@yadavakhilesh @SatyendrayadavR @YRBSamajwadi @Surendr0032083 @AnuragVerma_SP",Yaduvanshi__SP
,"RT @AmanChopra_: इस मामले में अखिलेश यादव ने योगी को पछाड़ा। 

योगी की संपत्ति 1.54 करोड़ 
अखिलेश यादव ने 40.14 करोड़ रुपये बताई है।
 
CM र…",talktovardhan
,"RT @AmanChopra_: इस मामले में अखिलेश यादव ने योगी को पछाड़ा। 

योगी की संपत्ति 1.54 करोड़ 
अखिलेश यादव ने 40.14 करोड़ रुपये बताई है।
 
CM र…",JayantiPatel95
,"RT @AmanChopra_: इस मामले में अखिलेश यादव ने योगी को पछाड़ा। 

योगी की संपत्ति 1.54 करोड़ 
अखिलेश यादव ने 40.14 करोड़ रुपये बताई है।
 
CM र…",smartyash2
,"RT @ARajesh_SP: भीड़ के लिए अखिलेश यादव और जयंत चौधरी पर कार्रवाई करने वाला चुनाव आयोग अमित शाह और योगी के आगे नतमस्तक हो जाता है?
लोकतंत्र…",AjayYad52870219
,"RT @DewChaudhary: योगी जी,,, से मुकाबले में,,,, चीन और पाकिस्तान,, है।।।अखिलेश यादव,,, को चीन,पाकिस्तान,, ने ही फंडिंग करके खड़ा किया है।।।…",chamchokpapa
,"RT @AmanChopra_: इस मामले में अखिलेश यादव ने योगी को पछाड़ा। 

योगी की संपत्ति 1.54 करोड़ 
अखिलेश यादव ने 40.14 करोड़ रुपये बताई है।
 
CM र…",Sandeep234686
,"RT @AmanChopra_: इस मामले में अखिलेश यादव ने योगी को पछाड़ा। 

योगी की संपत्ति 1.54 करोड़ 
अखिलेश यादव ने 40.14 करोड़ रुपये बताई है।
 
CM र…",patratu75
,RT @samajwadiparty: बीजेपी द्वारा लाये गए तीनों काले कानूनों के खिलाफ आंदोलन के दौरान 700 किसान शहीद हुए हैं। बीजेपी का हर उम्मीदवार चाहे 7…,anjalimishraSp
,"RT @navneetyadavrbl: आर पी यादव जिन्दाबाद
अखिलेश यादव जिन्दाबाद
@yadavakhilesh 
@suryapsingh_IAS 
@SamajwadiRbl 
@MediaCellSP",RamPratapSp
,"दोनों की मनोदशा देखिये, पिता के उम्र का व्यक्ति जितने श्रद्धा से पैर पकड़ रहा है,उतनी ही श्रद्धा से पैर पकड़वाया भी जा रहा है अखिलेश यादव द्वारा.. https://t.co/MCDbpy6wph",singhsahab73
,"RT @AmanChopra_: इस मामले में अखिलेश यादव ने योगी को पछाड़ा। 

योगी की संपत्ति 1.54 करोड़ 
अखिलेश यादव ने 40.14 करोड़ रुपये बताई है।
 
CM र…",76dynatrons
,देश में 700 किसान शहीद हुए. अगर देश के हर कोने में भाजपा का प्रत्याशी कान पकड़कर 700 उठक-बैठक लगाएगा तब भी किसान इन्हें माफ़ नहीं करेंगे- अखिलेश यादव,sanyogita088
,"RT @AmanChopra_: इस मामले में अखिलेश यादव ने योगी को पछाड़ा। 

योगी की संपत्ति 1.54 करोड़ 
अखिलेश यादव ने 40.14 करोड़ रुपये बताई है।
 
CM र…",cmanityagi
,"RT @janardanmis: अखिलेश यादव के साथ अब बचा ही कौन है?? 
अब्बा जान पहले से ही नाराज हैं 
चचाजान से बातचीत बंद है 
अपर्णा यादव अब उनके परिवार…",SheleshRajput15
,RT @kuldeepYadavSP_: देश में 700 किसान शहीद हुए. अगर देश के हर कोने में भाजपा का प्रत्याशी कान पकड़कर 700 उठक-बैठक लगाएगा तब भी किसान इ…,naveeny55965933
,"RT @chitraaum: UP के पूर्व CM और सपा के मुखिया @yadavakhilesh की सभाओं में उमड़ रही भारी भीड़ क्या वोट कर बहुरंगी सरकार बनाएगी? 

लाल रंग…",ismail_vaidh
,"RT @AmanChopra_: इस मामले में अखिलेश यादव ने योगी को पछाड़ा। 

योगी की संपत्ति 1.54 करोड़ 
अखिलेश यादव ने 40.14 करोड़ रुपये बताई है।
 
CM र…",shivom_RT
,"RT @AmanChopra_: इस मामले में अखिलेश यादव ने योगी को पछाड़ा। 

योगी की संपत्ति 1.54 करोड़ 
अखिलेश यादव ने 40.14 करोड़ रुपये बताई है।
 
CM र…",braj_u
,RT @KisKumMis: कल ओबैसी की गाड़ी पर हमला दरअसल सपा के वोटबैंक पर हमला था। अखिलेश यादव इस हमले की आलोचना तक खुल कर नही कर पा रहे।,vishal_dhomane
,"RT @bstvlive: Agra  

➡सपा अध्यक्ष अखिलेश यादव का जोरदार स्वागत

➡रथ पर सवार अखिलेश यादव का भव्य स्वागत

➡अखिलेश यादव के साथ जयंत चौधरी भी…",mohdtau70752330
,RT @puneetsinghlive: देश में 700 किसान शहीद हुए. अगर देश के हर कोने में भाजपा का प्रत्याशी कान पकड़कर 700 उठक-बैठक लगाएगा तब भी किसान इ…,virendra010792
,"RT @Rathore71143596: जनसंपर्क अभियान के दौरान कानपुर में समाजवादी पार्टी के समर्थन में लगे नारे.
वोट मारो तान के, साइकिल को पहचान के।
पाकि…",AthravSingh10
,RT @manojdagabjp: यह कैसा समाजवाद है? जहाँ अपनी पिता की उम्र के समाजवादी नेता रामगोविंद चौधरी से अखिलेश यादव अपने पैर छुआ रहे हैं। https://…,familyfarmer5
,RT @samajwadiparty: समाजवादी पार्टी के राष्ट्रीय अध्यक्ष श्री अखिलेश यादव और राष्ट्रीय लोक दल के राष्ट्रीय अध्यक्ष श्री जयंत चौधरी ने आज आग…,Mithile54861540
,"RT @armanjour: AIMIM चीफ ओवैसी पर हुए हमले की अखिलेश यादव ने निंदा की, अपराधी और गुंडे जब प्रदेश छोड़ दिये थे तो ओवैसी कहा दिख गए उनको,मौजू…",pawansultanpur4
,RT @samajwadiparty: बीजेपी द्वारा लाये गए तीनों काले कानूनों के खिलाफ आंदोलन के दौरान 700 किसान शहीद हुए हैं। बीजेपी का हर उम्मीदवार चाहे 7…,nandlalyadav071
,"RT @AmanChopra_: इस मामले में अखिलेश यादव ने योगी को पछाड़ा। 

योगी की संपत्ति 1.54 करोड़ 
अखिलेश यादव ने 40.14 करोड़ रुपये बताई है।
 
CM र…",AtulShu36104582
,"RT @AmanChopra_: इस मामले में अखिलेश यादव ने योगी को पछाड़ा। 

योगी की संपत्ति 1.54 करोड़ 
अखिलेश यादव ने 40.14 करोड़ रुपये बताई है।
 
CM र…",VipinKu56552567
,"RT @samajwadiparty: ये गर्मी निकालना चाहते हैं और हम लोग अपने नौजवानों के लिए नौकरी निकालना चाहते हैं:-

माननीय राष्ट्रीय अध्यक्ष श्री अखि…",DineshYadavAme3
,"RT @AmanChopra_: इस मामले में अखिलेश यादव ने योगी को पछाड़ा। 

योगी की संपत्ति 1.54 करोड़ 
अखिलेश यादव ने 40.14 करोड़ रुपये बताई है।
 
CM र…",madhuram1988
,"RT @AmanChopra_: इस मामले में अखिलेश यादव ने योगी को पछाड़ा। 

योगी की संपत्ति 1.54 करोड़ 
अखिलेश यादव ने 40.14 करोड़ रुपये बताई है।
 
CM र…",piyushs34458567
,"RT @Tina_Yadav_SP: 8 फ़रवरी को अखिलेश यादव जी के समर्थन में यूपी आयेंगी ममता दीदी…

“यूपी में भी खेला होबे” https://t.co/Cf5OWTB058",Jagnara63811951
,"RT @aashishsy: मुख्यमंत्री गर्मी की बात बोल रहे हैं 

हम सरकार बन जाने पर युवाओं को नौकरी में ‘भर्ती’ देंगे - 

श्री अखिलेश यादव जी",CaDalmia
,"RT @dnyadav: भीड़ के लिए अखिलेश यादव और जयंत चौधरी पर कार्रवाई करने वाला चुनाव आयोग अमित शाह और योगी के आगे नतमस्तक हो जाता है?
लोकतंत्र की…",nileshvaghela2
,"RT @AmanChopra_: इस मामले में अखिलेश यादव ने योगी को पछाड़ा। 

योगी की संपत्ति 1.54 करोड़ 
अखिलेश यादव ने 40.14 करोड़ रुपये बताई है।
 
CM र…",Chandan98780122
,"RT @janardanmis: अखिलेश यादव के साथ अब बचा ही कौन है?? 
अब्बा जान पहले से ही नाराज हैं 
चचाजान से बातचीत बंद है 
अपर्णा यादव अब उनके परिवार…",RajyaBst
,RT @puneetsinghlive: BJP ने जानबूझकर पेपर लीक करवाकर नौकरियों की परीक्षा रद्द करवाई : अखिलेश यादव,ChintuK01491692
,"RT @janardanmis: अखिलेश यादव के साथ अब बचा ही कौन है?? 
अब्बा जान पहले से ही नाराज हैं 
चचाजान से बातचीत बंद है 
अपर्णा यादव अब उनके परिवार…",sanghavideepa
,"RT @AmanChopra_: इस मामले में अखिलेश यादव ने योगी को पछाड़ा। 

योगी की संपत्ति 1.54 करोड़ 
अखिलेश यादव ने 40.14 करोड़ रुपये बताई है।
 
CM र…",BarotDev5
,RT @puneetsinghlive: BJP ने जानबूझकर पेपर लीक करवाकर नौकरियों की परीक्षा रद्द करवाई : अखिलेश यादव,DeepikaVishnoi7
,RT @samajwadiparty: राष्ट्रीय अध्यक्ष श्री अखिलेश यादव जी की प्रेसवार्ता https://t.co/YQkOcfQ2Ra,ShuaibM57154937
,"RT @AmanChopra_: इस मामले में अखिलेश यादव ने योगी को पछाड़ा। 

योगी की संपत्ति 1.54 करोड़ 
अखिलेश यादव ने 40.14 करोड़ रुपये बताई है।
 
CM र…",RAJIVBJYM
,RT @puneetsinghlive: BJP ने जानबूझकर पेपर लीक करवाकर नौकरियों की परीक्षा रद्द करवाई : अखिलेश यादव,Famy12082469
,RT @samajwadiparty: कौमी सौहार्द एवं सूफी संस्कृति के प्रतीक महान सूफी संत ख्वाजा हजरत ख्वाजा मोइनुद्दीन चिश्ती (र.अ.) के सालाना उर्स के मौ…,Skjaiswal1980
,"RT @AmanChopra_: इस मामले में अखिलेश यादव ने योगी को पछाड़ा। 

योगी की संपत्ति 1.54 करोड़ 
अखिलेश यादव ने 40.14 करोड़ रुपये बताई है।
 
CM र…",walktravels
,"RT @AmanChopra_: इस मामले में अखिलेश यादव ने योगी को पछाड़ा। 

योगी की संपत्ति 1.54 करोड़ 
अखिलेश यादव ने 40.14 करोड़ रुपये बताई है।
 
CM र…",pritisi18825052
,RT @PragyaLive: बुलंदशहर में आज @yadavakhilesh और @jayantrld की रथ यात्रा बुलंदशहर के जहांगीराबाद में आमने सामने आ गई..अखिलेश यादव ने @priy…,RamNiwa11345019
,RT @Suheldev_Army: #अखिलेश_यादव ने फिर किया धोखा ऐंन मौक़े पर मोहनलालगंज विधायक अम्ब्रीश पुष्कर(पासी) का काटा टिकट और प्रदेश कार्यालय में…,irajurawat
,"RT @AmanChopra_: इस मामले में अखिलेश यादव ने योगी को पछाड़ा। 

योगी की संपत्ति 1.54 करोड़ 
अखिलेश यादव ने 40.14 करोड़ रुपये बताई है।
 
CM र…",Aaryan13798
,"RT @MisraAmitabh: विकास तो मुलायम अखिलेश यादव ने किया 

करोड़ों के  मर्सडीज बैंज के रथ बनवाकर अपने प्रचार रथ में लगा दिए विकास तो मुलायम अ…",negi_suniel
,RT @KhadedaHobe: सपा सरकार बनने पर #COVID19 काल मे Over Age हुए बच्चों क़ो नौकरी के लिए #एज मे छूट दिया जायेगा - अखिलेश यादव,NANDLAL14280217
,"RT @anandkalra69: अखिलेश यादव का मीडिया मैनेजमेंट...
खुलेआम पत्रकारों को प्रलोभन देते हुए...😳
@SaurabhSMUP https://t.co/NNNtQjhHJm",Ghanshy89131513
,"RT @ARajesh_SP: भीड़ के लिए अखिलेश यादव और जयंत चौधरी पर कार्रवाई करने वाला चुनाव आयोग अमित शाह और योगी के आगे नतमस्तक हो जाता है?
लोकतंत्र…",RadheYa84640542
,"RT @aashishsy: मुख्यमंत्री गर्मी की बात बोल रहे हैं 

हम सरकार बन जाने पर युवाओं को नौकरी में ‘भर्ती’ देंगे - 

श्री अखिलेश यादव जी",Nmahendrasingh
,"RT @Noida100: #यूपी_चुनाव नामांकन रिकॉर्ड - 

योगी जी की संपत्ति 1.54 करोड़ 
अखिलेश यादव की 40.14 करोड़

योगी जी पर एक भी क्रिमिनल केस नहीं…",shashik_
,RT @TanveerAhmad__: 8 फ़रवरी को अखिलेश यादव जी के समर्थन में यूपी आयेंगी ममता दीदी - “यूपी में भी खेला होबे” !,Rajendranwala
,"RT @PremYad34698937: ये गर्मी निकालना चाहते हैं और हम लोग अपने नौजवानों के लिए नौकरी निकालना चाहते हैं:-
माननीय राष्ट्रीय अध्यक्ष श्री अखि…",vijayal51662229
,RT @pankajjha_: आख़िरकार 10 सालों बाद अखिलेश यादव आज रात प्रचार करते हुए नोएडा पहुँचे. मुख्यमंत्री रहते वे 2012 से लेकर 2017 तक कभी नोएडा न…,Skjaiswal1980
,"RT @AmanChopra_: इस मामले में अखिलेश यादव ने योगी को पछाड़ा। 

योगी की संपत्ति 1.54 करोड़ 
अखिलेश यादव ने 40.14 करोड़ रुपये बताई है।
 
CM र…",Satendra_sin
,"RT @AmanChopra_: इस मामले में अखिलेश यादव ने योगी को पछाड़ा। 

योगी की संपत्ति 1.54 करोड़ 
अखिलेश यादव ने 40.14 करोड़ रुपये बताई है।
 
CM र…",mukund_0701
,@RajatSharmaLive जैसे श्री अखिलेश यादव जी,RAGHUNATHYADAV9
,"RT @RahulSingh_SP: किसानों के सम्मान में, सपा गठबंधन मैदान में!! 
मा. श्री अखिलेश यादव जी जिंदाबाद..
#173_लखनऊ_पूर्वी_विधान_सभा
#RahulSingh…",MaheshY34282106
,"RT @AmanChopra_: इस मामले में अखिलेश यादव ने योगी को पछाड़ा। 

योगी की संपत्ति 1.54 करोड़ 
अखिलेश यादव ने 40.14 करोड़ रुपये बताई है।
 
CM र…",Virathu4
,RT @kuldeepYadavSP_: देश में 700 किसान शहीद हुए. अगर देश के हर कोने में भाजपा का प्रत्याशी कान पकड़कर 700 उठक-बैठक लगाएगा तब भी किसान इ…,andresh_yadav
,RT @MayankYadavAdv: BJP ने जानबूझकर पेपर लीक करवाकर नौकरियों की परीक्षा रद्द करवाई : मा. अखिलेश यादव जी,AjayYad52870219
,"RT @Noida100: #यूपी_चुनाव नामांकन रिकॉर्ड - 

योगी जी की संपत्ति 1.54 करोड़ 
अखिलेश यादव की 40.14 करोड़

योगी जी पर एक भी क्रिमिनल केस नहीं…",SainiParveen_90
,"RT @MisraAmitabh: आज कोई सहमत हो चाहे ना हो मगर मैं अखिलेश यादव से पूर्णतया सहमत हूं 

सही तो कहा है🤔
मोदी जी ने विकास कहां किया विकास
विका…",negi_suniel
,RT @suryakantvsnl: अखिलेश यादव आज अलीगढ़ और मथुरा में चुनाव प्रचार करेंगे,niraj_bajpai
,RT @atulpradhansp: सरधना विधानसभा क्षेत्रों में पाल समाज का सम्मेलन आयोजित किया गया। इस दौरान भारी संख्या में पाल समाज के लोगों ने माननीय अ…,DineshYadavAme3
,"RT @AmanChopra_: इस मामले में अखिलेश यादव ने योगी को पछाड़ा। 

योगी की संपत्ति 1.54 करोड़ 
अखिलेश यादव ने 40.14 करोड़ रुपये बताई है।
 
CM र…",Pradeep49674490
,"RT @AmanChopra_: इस मामले में अखिलेश यादव ने योगी को पछाड़ा। 

योगी की संपत्ति 1.54 करोड़ 
अखिलेश यादव ने 40.14 करोड़ रुपये बताई है।
 
CM र…",anuppandey_11
,RT @puneetsinghlive: देश में 700 किसान शहीद हुए. अगर देश के हर कोने में भाजपा का प्रत्याशी कान पकड़कर 700 उठक-बैठक लगाएगा तब भी किसान इ…,ErRahulkhandare
,"RT @AmanChopra_: इस मामले में अखिलेश यादव ने योगी को पछाड़ा। 

योगी की संपत्ति 1.54 करोड़ 
अखिलेश यादव ने 40.14 करोड़ रुपये बताई है।
 
CM र…",deepdharam98
,"RT @AmanChopra_: इस मामले में अखिलेश यादव ने योगी को पछाड़ा। 

योगी की संपत्ति 1.54 करोड़ 
अखिलेश यादव ने 40.14 करोड़ रुपये बताई है।
 
CM र…",ASRvASR
,"RT @AmanChopra_: इस मामले में अखिलेश यादव ने योगी को पछाड़ा। 

योगी की संपत्ति 1.54 करोड़ 
अखिलेश यादव ने 40.14 करोड़ रुपये बताई है।
 
CM र…",pintupatra9966
,"RT @AmanChopra_: इस मामले में अखिलेश यादव ने योगी को पछाड़ा। 

योगी की संपत्ति 1.54 करोड़ 
अखिलेश यादव ने 40.14 करोड़ रुपये बताई है।
 
CM र…",amit2006pbs
,"RT @AmanChopra_: इस मामले में अखिलेश यादव ने योगी को पछाड़ा। 

योगी की संपत्ति 1.54 करोड़ 
अखिलेश यादव ने 40.14 करोड़ रुपये बताई है।
 
CM र…",RkumarIND
,"RT @yatharth2018: ये गर्मी निकालना चाहते हैं और हम लोग अपने नौजवानों के लिए नौकरी निकालना चाहते हैं:-
माननीय राष्ट्रीय अध्यक्ष श्री अखिलेश…",vijayal51662229
,"RT @ABHILASHYADAVSP: बिग ब्रेकिंग 
सिराथू से समाजवादी पार्टी की प्रत्याशी पल्लवी पटेल के नामांकन में अखिलेश यादव शामिल होंगे !",Nmahendrasingh
,"RT @AmanChopra_: इस मामले में अखिलेश यादव ने योगी को पछाड़ा। 

योगी की संपत्ति 1.54 करोड़ 
अखिलेश यादव ने 40.14 करोड़ रुपये बताई है।
 
CM र…",Whiteor29587224
,"RT @kYkIWEyvvFlxv4c: ये गर्मी निकालना चाहते हैं और हम लोग अपने नौजवानों के लिए नौकरी निकालना चाहते हैं:-

माननीय राष्ट्रीय अध्यक्ष श्री अखि…",vijayal51662229
,RT @puneetsinghlive: BJP ने जानबूझकर पेपर लीक करवाकर नौकरियों की परीक्षा रद्द करवाई : अखिलेश यादव,Nadim9568
,RT @puneetsinghlive: BJP ने जानबूझकर पेपर लीक करवाकर नौकरियों की परीक्षा रद्द करवाई : अखिलेश यादव,mohdtau70752330
,"RT @AnilTanwar: जब सभी हमारे खिलाफ थे बस ये एक व्यक्ति हमारे समाज के साथ खड़ा था|
आज श्री अखिलेश यादव जी नें हमारे समाज का साथ देकर दिल जीत…",dhy_allahabad
,RT @RamNiwa90072468: समाजवादी पार्टी के राष्ट्रीय अध्यक्ष आदरणीय अखिलेश यादव जी की प्रेस वार्ता जिला अलीगढ़ https://t.co/mh92CLIIeu,naveeny55965933
,RT @PragyaLive: बुलंदशहर में आज @yadavakhilesh और @jayantrld की रथ यात्रा बुलंदशहर के जहांगीराबाद में आमने सामने आ गई..अखिलेश यादव ने @priy…,AAjjy65
,RT @Sanjaykom99Arya: अखिलेश यादव कब से अंबेडकरवादी हो गए हैं कहीं अपने आने वाले हार से घबराकर तो नहीं?,Sjl42392259
,RT @samajwadiparty: बीजेपी द्वारा लाये गए तीनों काले कानूनों के खिलाफ आंदोलन के दौरान 700 किसान शहीद हुए हैं। बीजेपी का हर उम्मीदवार चाहे 7…,Krishnakapoor88
,"RT @AmanChopra_: इस मामले में अखिलेश यादव ने योगी को पछाड़ा। 

योगी की संपत्ति 1.54 करोड़ 
अखिलेश यादव ने 40.14 करोड़ रुपये बताई है।
 
CM र…",YOGI_BABA_G
,"RT @AmanChopra_: इस मामले में अखिलेश यादव ने योगी को पछाड़ा। 

योगी की संपत्ति 1.54 करोड़ 
अखिलेश यादव ने 40.14 करोड़ रुपये बताई है।
 
CM र…",saurabhsingh486
,"RT @AmanChopra_: इस मामले में अखिलेश यादव ने योगी को पछाड़ा। 

योगी की संपत्ति 1.54 करोड़ 
अखिलेश यादव ने 40.14 करोड़ रुपये बताई है।
 
CM र…",SN_IGNOU
,"RT @Noida100: #यूपी_चुनाव नामांकन रिकॉर्ड - 

योगी जी की संपत्ति 1.54 करोड़ 
अखिलेश यादव की 40.14 करोड़

योगी जी पर एक भी क्रिमिनल केस नहीं…",cm_vats
,"RT @AmanChopra_: इस मामले में अखिलेश यादव ने योगी को पछाड़ा। 

योगी की संपत्ति 1.54 करोड़ 
अखिलेश यादव ने 40.14 करोड़ रुपये बताई है।
 
CM र…",goswamiarvind75
,"RT @AmanChopra_: इस मामले में अखिलेश यादव ने योगी को पछाड़ा। 

योगी की संपत्ति 1.54 करोड़ 
अखिलेश यादव ने 40.14 करोड़ रुपये बताई है।
 
CM र…",shreyjaihind
,RT @PunitKu61789066: @sunilyadv_unnao मेरा यह कृपया है अखिलेश भाई को बताइए विजमा यादव को हटाइए 257 भदोही प्रतापपुर प्रयागराज मेरा कृपया है…,anilkum12972410
,"RT @AmanChopra_: इस मामले में अखिलेश यादव ने योगी को पछाड़ा। 

योगी की संपत्ति 1.54 करोड़ 
अखिलेश यादव ने 40.14 करोड़ रुपये बताई है।
 
CM र…",Shubbham_Jadhav
,"RT @Vivek_RLD100: हमारे साथ जब से जयंत चौधरी जी @jayantrld  आए हैं उत्तर प्रदेश की हवा बदल‌ गई है- अखिलेश यादव जी @yadavakhilesh 

भाजपा को…",MaheshY34282106
,"RT @AmanChopra_: इस मामले में अखिलेश यादव ने योगी को पछाड़ा। 

योगी की संपत्ति 1.54 करोड़ 
अखिलेश यादव ने 40.14 करोड़ रुपये बताई है।
 
CM र…",chelaramparmar
,RT @AkashShankdhar: राम राम सा -  ये मेरा सौभाग्य है। कि में उत्तर प्रदेश के भविष्य और भावी मुख्यमंत्री अखिलेश यादव जी के साथ आज रथ पर खड़ा…,naveeny55965933
,"RT @AmanChopra_: इस मामले में अखिलेश यादव ने योगी को पछाड़ा। 

योगी की संपत्ति 1.54 करोड़ 
अखिलेश यादव ने 40.14 करोड़ रुपये बताई है।
 
CM र…",Satishv24
,"RT @AmanChopra_: इस मामले में अखिलेश यादव ने योगी को पछाड़ा। 

योगी की संपत्ति 1.54 करोड़ 
अखिलेश यादव ने 40.14 करोड़ रुपये बताई है।
 
CM र…",Prabhat47987741
,"RT @AmanChopra_: इस मामले में अखिलेश यादव ने योगी को पछाड़ा। 

योगी की संपत्ति 1.54 करोड़ 
अखिलेश यादव ने 40.14 करोड़ रुपये बताई है।
 
CM र…",ShahRety
,"RT @RaghvendrA2Y: मुख्यमंत्री गर्मी की बात बोल रहे हैं 

हम सरकार बन जाने पर युवाओं को नौकरी में ‘भर्ती’ देंगे - 

श्री अखिलेश यादव जी",AjayYad52870219
,"RT @AmanChopra_: इस मामले में अखिलेश यादव ने योगी को पछाड़ा। 

योगी की संपत्ति 1.54 करोड़ 
अखिलेश यादव ने 40.14 करोड़ रुपये बताई है।
 
CM र…",Brijwashi_
,"RT @janardanmis: अखिलेश यादव के साथ अब बचा ही कौन है?? 
अब्बा जान पहले से ही नाराज हैं 
चचाजान से बातचीत बंद है 
अपर्णा यादव अब उनके परिवार…",abhisheksyogi
,"RT @ajitanjum: अखिलेश और जयंत के रोड शो से बदलेगा समीकरण ? 
आगरा में अखिलेश यादव और जयंत के साथ बातचीत 
Link 
https://t.co/cpoigeWbCm https…",Premlal11316712
,"RT @AmanChopra_: इस मामले में अखिलेश यादव ने योगी को पछाड़ा। 

योगी की संपत्ति 1.54 करोड़ 
अखिलेश यादव ने 40.14 करोड़ रुपये बताई है।
 
CM र…",AmarNcmp
,"RT @Tina_Yadav_SP: 8 फ़रवरी को अखिलेश यादव जी के समर्थन में यूपी आयेंगी ममता दीदी…

“यूपी में भी खेला होबे” https://t.co/Cf5OWTB058",DeependraDidel
,RT @samajwadiparty: बीजेपी द्वारा लाये गए तीनों काले कानूनों के खिलाफ आंदोलन के दौरान 700 किसान शहीद हुए हैं। बीजेपी का हर उम्मीदवार चाहे 7…,ASonu85724620
,"RT @KiranDiwakar91: विधानसभा चायल 253 में डोर टू डोर जनसंपर्क ।
अखिलेश यादव जिंदाबाद
 पूजा पाल जिंदाबाद https://t.co/NdlRVpLbt2",sunil27159
,"RT @ajitanjum: अखिलेश और जयंत के रोड शो से बदलेगा समीकरण ? 
आगरा में अखिलेश यादव और जयंत के साथ बातचीत 
Link 
https://t.co/cpoigeWbCm https…",vinodKu59467491
,"RT @abhisar_sharma: देश के गृह मंत्री अमित शाह पर फिर खामोश चुनाव आयोग। उधर अखिलेश यादव ने गोदी मीडिया की फिर की धुलाई। देखें ।

https://t.…",Indiamaking1
,"RT @anandkalra69: अखिलेश यादव का मीडिया मैनेजमेंट...
खुलेआम पत्रकारों को प्रलोभन देते हुए...😳
@SaurabhSMUP https://t.co/NNNtQjhHJm",kkmahato
,"RT @Vivek_RLD100: हमारे साथ जब से जयंत चौधरी जी @jayantrld  आए हैं उत्तर प्रदेश की हवा बदल‌ गई है- अखिलेश यादव जी @yadavakhilesh 

भाजपा को…",HariSin82659365
,"RT @AmanChopra_: इस मामले में अखिलेश यादव ने योगी को पछाड़ा। 

योगी की संपत्ति 1.54 करोड़ 
अखिलेश यादव ने 40.14 करोड़ रुपये बताई है।
 
CM र…",Abhishekraicha4
,"RT @samajwadiparty: ""हमारे बाबा मुख्यमंत्री ने किसी फसल की कीमत नहीं दी... हमारे किसानों के ऊपर तीन काले कृषि कानून लाए गए... जिन्हें किसा…",Nawneetyadav3
,"RT @AmanChopra_: इस मामले में अखिलेश यादव ने योगी को पछाड़ा। 

योगी की संपत्ति 1.54 करोड़ 
अखिलेश यादव ने 40.14 करोड़ रुपये बताई है।
 
CM र…",ShraddhaKori
,"RT @bstvlive: Lucknow 

➡सपा अध्यक्ष @yadavakhilesh का ट्वीट

➡खेत बचाओ तार से- अखिलेश यादव

➡किसान बचाओ थार से-अखिलेश यादव।

#Lucknow http…",DrDineshChaube1
,RT @MayankYadavAdv: अखिलेश यादव जी और जयंत जी ने क्रांति मचा रखी है पश्चिम यूपी में...,SanjayK81111002
,"RT @samajwadiparty: ये गर्मी निकालना चाहते हैं और हम लोग अपने नौजवानों के लिए नौकरी निकालना चाहते हैं:-

माननीय राष्ट्रीय अध्यक्ष श्री अखि…",MunnaLa74883887
,मथुरा पधारे केंद्रीय मंत्री श्री @girirajsinghbjp जी ने कहा कि सपा अध्यक्ष अखिलेश यादव को जिन्ना का नाम इतना पसंद है कि वो उत्तर प्रदेश में जिन्ना और पाकिस्तान की चर्चा करते हैं। https://t.co/GNsDrBD3Pp,BJP4MathuraM
,"RT @AmanChopra_: इस मामले में अखिलेश यादव ने योगी को पछाड़ा। 

योगी की संपत्ति 1.54 करोड़ 
अखिलेश यादव ने 40.14 करोड़ रुपये बताई है।
 
CM र…",Bihar_Sharma_
,"RT @ARajesh_SP: भीड़ के लिए अखिलेश यादव और जयंत चौधरी पर कार्रवाई करने वाला चुनाव आयोग अमित शाह और योगी के आगे नतमस्तक हो जाता है?
लोकतंत्र…",DrPushpendraIAS
,UP: सपा चीफ अखिलेश यादव आज अलीगढ़ और मथुरा में चुनाव प्रचार करेंगे,JhakkasKhabar
,RT @Sanjaykom99Arya: अखिलेश यादव कब से अंबेडकरवादी हो गए हैं कहीं अपने आने वाले हार से घबराकर तो नहीं?,Ravinde98838081
,RT @ChaHoney007: @yadavakhilesh सपा की साइकिल ने आगरा लखनऊ एक्सप्रेस वे पर की आत्महत्या।समाजवादी पार्टी और अखिलेश यादव को लगा गहरा सदमा। ht…,kanishkas496
,"RT @ajitanjum: अखिलेश और जयंत के रोड शो से बदलेगा समीकरण ? 
आगरा में अखिलेश यादव और जयंत के साथ बातचीत 
Link 
https://t.co/cpoigeWbCm https…",MBhadauria
,"RT @Brij_Ayodhya: जब 786 वाले एकमत होकर अखिलेश यादव को वोट डालेंगे तो,
हम 1008 वाले भी एकजुट होकर योगी जी को वोट डालेंगे,,",singh_villager
,"RT @AmanChopra_: इस मामले में अखिलेश यादव ने योगी को पछाड़ा। 

योगी की संपत्ति 1.54 करोड़ 
अखिलेश यादव ने 40.14 करोड़ रुपये बताई है।
 
CM र…",virenderkuchhal
,"RT @nilesh00018: #फर्क_साफ_है
न्यूज़ खोल कर देख लेना।
हमारे महराज जी के पास अचल सम्पत्ति कुछ भी नही है ।

और वहीं अखिलेश यादव के पास 26 करो…",nilesh00018
,RT @puneetsinghlive: देश में 700 किसान शहीद हुए. अगर देश के हर कोने में भाजपा का प्रत्याशी कान पकड़कर 700 उठक-बैठक लगाएगा तब भी किसान इ…,Abdulla25017991
,"देश में 700 किसान शहीद हुए. अगर देश के हर कोने में भाजपा का प्रत्याशी कान पकड़कर 700 उठक-बैठक लगाएगा तब भी किसान इन्हें माफ़ नहीं करेंगे- श्री अखिलेश यादव जी

@RJDUttarPradesh @yadavakhilesh",officaljeeshan
,"RT @bstvlive: Lucknow 

➡सपा अध्यक्ष @yadavakhilesh का ट्वीट

➡खेत बचाओ तार से- अखिलेश यादव

➡किसान बचाओ थार से-अखिलेश यादव।

#Lucknow http…",MoHiTKoTaDiYa7
,"पश्चिमी यूपी में भाजपा की पकड़ को मज़बूत करने के के लिए अब मैदान में उतर आए हैं खुद #PMModi। वर्चुअल संबोधन के ज़रिए जनता से जुड़े प्रधानमंत्री ने जमकर अखिलेश यादव और सपा पर हमला बोला, कहा: यूपी को 21वीं सदी में डबल इंजन की सरकार की ही ज़रूरत है।
#UPElections2022 #UPKiska https://t.co/gYmyeRXYvH",UPTakOfficial
,"RT @AmanChopra_: इस मामले में अखिलेश यादव ने योगी को पछाड़ा। 

योगी की संपत्ति 1.54 करोड़ 
अखिलेश यादव ने 40.14 करोड़ रुपये बताई है।
 
CM र…",Aaryawarat
,"RT @AmanChopra_: इस मामले में अखिलेश यादव ने योगी को पछाड़ा। 

योगी की संपत्ति 1.54 करोड़ 
अखिलेश यादव ने 40.14 करोड़ रुपये बताई है।
 
CM र…",ved_prakash100
,"RT @AmanChopra_: इस मामले में अखिलेश यादव ने योगी को पछाड़ा। 

योगी की संपत्ति 1.54 करोड़ 
अखिलेश यादव ने 40.14 करोड़ रुपये बताई है।
 
CM र…",9803243969
,"RT @bstvlive: Mathura

➡अखिलेश यादव और जयंत चौधरी का मथुरा दौरा

➡मांट में अखिलेश सपा-RLD प्रत्याशी के पक्ष में करेंगे प्रचार

➡गोवर्धन में…",kuldeepYadavSP_
,"#फर्क_साफ_है
न्यूज़ खोल कर देख लेना।
हमारे महराज जी के पास अचल सम्पत्ति कुछ भी नही है ।

और वहीं अखिलेश यादव के पास 26 करोड़ 83 लाख की अचल सम्पति है।
@gkpbjpit @ajrajbjp @PIYUSHMISHRAIT @ankitchandelbjp @iShashiShekhar @kameshwarNM @myogiadityanath @BJP4UP @PrakharP6099 https://t.co/pDClr7uhzr",nilesh00018
,"RT @samajwadiparty: ये गर्मी निकालना चाहते हैं और हम लोग अपने नौजवानों के लिए नौकरी निकालना चाहते हैं:-

माननीय राष्ट्रीय अध्यक्ष श्री अखि…",SkChaudhary7799
,"RT @puneetsinghlive: योगी जी कोई कंप्रेसर थोड़ी है, जो हमें ठंडा कर देंगे : अखिलेश यादव",yadavshailesh08
,"RT @samajwadiparty: ये गर्मी निकालना चाहते हैं और हम लोग अपने नौजवानों के लिए नौकरी निकालना चाहते हैं:-

माननीय राष्ट्रीय अध्यक्ष श्री अखि…",ShivjeshP
,"@BhadauriyaAnand भाई साहब, वैसे तो अखिलेश यादव जी ने जो भी वादा किया हमेशा पूरा किया है।तो इस वादे को भी पूरा करेंगे...जय समाजवाद!🇮🇳🙏",Saurabh94334713
,"RT @sarveshambedkar: विद्या ददाति विनयं विनयाद्याति पात्रताम् ।
पात्रत्वाद्धनमाप्नोति धनाद्धर्मं ततः सुखम् ॥

सभी को बसंत पंचमी व सरस्वती…",Himansh49164172
,"RT @AmanChopra_: इस मामले में अखिलेश यादव ने योगी को पछाड़ा। 

योगी की संपत्ति 1.54 करोड़ 
अखिलेश यादव ने 40.14 करोड़ रुपये बताई है।
 
CM र…",RahulDw123
,"RT @AmanChopra_: इस मामले में अखिलेश यादव ने योगी को पछाड़ा। 

योगी की संपत्ति 1.54 करोड़ 
अखिलेश यादव ने 40.14 करोड़ रुपये बताई है।
 
CM र…",Sapna_3
,"RT @AmanChopra_: इस मामले में अखिलेश यादव ने योगी को पछाड़ा। 

योगी की संपत्ति 1.54 करोड़ 
अखिलेश यादव ने 40.14 करोड़ रुपये बताई है।
 
CM र…",Lovekus112
,RT @puneetsinghlive: BJP ने जानबूझकर पेपर लीक करवाकर नौकरियों की परीक्षा रद्द करवाई : अखिलेश यादव,UPShikshaMitra_
,"RT @shailendraydv12: 8 फ़रवरी को अखिलेश यादव जी के समर्थन में यूपी आयेंगी ममता दीदी…

“यूपी में भी खेला होबे”",AjayYaduvanshiG
,"RT @janardanmis: अखिलेश यादव के साथ अब बचा ही कौन है?? 
अब्बा जान पहले से ही नाराज हैं 
चचाजान से बातचीत बंद है 
अपर्णा यादव अब उनके परिवार…",AbhimanSinha5
,"RT @bstvlive: Aligarh

➡सपा अध्यक्ष अखिलेश यादव आज अलीगढ़ में

➡कार्यकर्ताओं को चुनाव के मद्देनजर करेंगे संबोधित

➡दोपहर 12 बजे यश रेजिडें…",daya40393
,"RT @AmanChopra_: इस मामले में अखिलेश यादव ने योगी को पछाड़ा। 

योगी की संपत्ति 1.54 करोड़ 
अखिलेश यादव ने 40.14 करोड़ रुपये बताई है।
 
CM र…",SheoMangalSing8
,"RT @AmanChopra_: इस मामले में अखिलेश यादव ने योगी को पछाड़ा। 

योगी की संपत्ति 1.54 करोड़ 
अखिलेश यादव ने 40.14 करोड़ रुपये बताई है।
 
CM र…",Suvampaikaray
,RT @AkashShankdhar: राम राम सा -  ये मेरा सौभाग्य है। कि में उत्तर प्रदेश के भविष्य और भावी मुख्यमंत्री अखिलेश यादव जी के साथ आज रथ पर खड़ा…,Nmahendrasingh
,RT @puneetsinghlive: BJP ने जानबूझकर पेपर लीक करवाकर नौकरियों की परीक्षा रद्द करवाई : अखिलेश यादव,Ghazanf82369082
,@yadavakhilesh जय अखिलेश यादव जी,Krishna99528466
,"RT @AmanChopra_: इस मामले में अखिलेश यादव ने योगी को पछाड़ा। 

योगी की संपत्ति 1.54 करोड़ 
अखिलेश यादव ने 40.14 करोड़ रुपये बताई है।
 
CM र…",Arvind37811425
,"RT @ARajesh_SP: भीड़ के लिए अखिलेश यादव और जयंत चौधरी पर कार्रवाई करने वाला चुनाव आयोग अमित शाह और योगी के आगे नतमस्तक हो जाता है?
लोकतंत्र…",TouhidRana7
,"RT @samajwadiparty: ये गर्मी निकालना चाहते हैं और हम लोग अपने नौजवानों के लिए नौकरी निकालना चाहते हैं:-

माननीय राष्ट्रीय अध्यक्ष श्री अखि…",Danishlkow
,RT @aashishsy: मुख्यमंत्री असल में यह कह रहे हैं की जनता उनकी गर्मी निकाले और वापस उत्तराखंड भेजे - श्री अखिलेश यादव जी,zibrailmohamma3
,"राष्ट्रीय अध्यक्ष समाजवादी पार्टी माननीय श्री अखिलेश यादव जी से अनुरोध है कि सविता, सेन , न्याई समाज के नेता श्री संजय विद्यार्थी जी को गौरा 301 विधानसभा से टिकट देकर इस अतिपिछड़े समाज की भागीदारी सुनिश्चित करें।
जय समाजवाद
जय अखिलेश",RkNand2
,"RT @AmanChopra_: इस मामले में अखिलेश यादव ने योगी को पछाड़ा। 

योगी की संपत्ति 1.54 करोड़ 
अखिलेश यादव ने 40.14 करोड़ रुपये बताई है।
 
CM र…",SinghSahil2740
,"RT @AmanChopra_: इस मामले में अखिलेश यादव ने योगी को पछाड़ा। 

योगी की संपत्ति 1.54 करोड़ 
अखिलेश यादव ने 40.14 करोड़ रुपये बताई है।
 
CM र…",ajaym_bjp
,RT @puneetsinghlive: BJP ने जानबूझकर पेपर लीक करवाकर नौकरियों की परीक्षा रद्द करवाई : अखिलेश यादव,HafijurMondal7
,"RT @AmanChopra_: इस मामले में अखिलेश यादव ने योगी को पछाड़ा। 

योगी की संपत्ति 1.54 करोड़ 
अखिलेश यादव ने 40.14 करोड़ रुपये बताई है।
 
CM र…",AmitMishraUP43
,"RT @samajwadiparty: ""हमारे बाबा मुख्यमंत्री ने किसी फसल की कीमत नहीं दी... हमारे किसानों के ऊपर तीन काले कृषि कानून लाए गए... जिन्हें किसा…",Nitesh74045710
,RT @puneetsinghlive: देश में 700 किसान शहीद हुए. अगर देश के हर कोने में भाजपा का प्रत्याशी कान पकड़कर 700 उठक-बैठक लगाएगा तब भी किसान इ…,holdmab33r
,"RT @janardanmis: अखिलेश यादव के साथ अब बचा ही कौन है?? 
अब्बा जान पहले से ही नाराज हैं 
चचाजान से बातचीत बंद है 
अपर्णा यादव अब उनके परिवार…",hkskissan
,RT @binda_do: कल अपने विधानसभा के बिसुन्दरपुर कैंप कार्यालय पर समाजवादी पार्टी के राष्ट्रीय अध्यक्ष एवं पूर्व मुख्यमंत्री श्री अखिलेश यादव…,JaisalChand
,"RT @AmanChopra_: इस मामले में अखिलेश यादव ने योगी को पछाड़ा। 

योगी की संपत्ति 1.54 करोड़ 
अखिलेश यादव ने 40.14 करोड़ रुपये बताई है।
 
CM र…",AmanKat49583104
,"RT @shivkmishra: अनुदेशक संघ के प्रदेश अध्यक्ष विक्रम सिंह और शिवाजी यादव की सपा सुप्रीमों अखिलेश यादव से मुलाकात, नियमितीकरण का किया वादा",NareshPeelwan
,"RT @AmanChopra_: इस मामले में अखिलेश यादव ने योगी को पछाड़ा। 

योगी की संपत्ति 1.54 करोड़ 
अखिलेश यादव ने 40.14 करोड़ रुपये बताई है।
 
CM र…",Shivangkaushik3
,"RT @ajitanjum: अखिलेश और जयंत के रोड शो से बदलेगा समीकरण ? 
आगरा में अखिलेश यादव और जयंत के साथ बातचीत 
Link 
https://t.co/cpoigeWbCm https…",Nadim9568
,"RT @bstvlive: Agra 

➡सपा अध्यक्ष अखिलेश यादव का बयान

➡युवाओं को रोजगार मिलना चाहिए – अखिलेश

➡आगरा की सड़कों पर जनता का उमड़ा जनसैलाब

➡अ…",NKrishnavanshi
,"RT @samajwadiparty: ये गर्मी निकालना चाहते हैं और हम लोग अपने नौजवानों के लिए नौकरी निकालना चाहते हैं:-

माननीय राष्ट्रीय अध्यक्ष श्री अखि…",its_shivam10
,"RT @modified_hindu: अमित शाह बना रहे हैं। उम्मीद है चुनाव के आखिरी चरण आते आते अखिलेश यादव सलट जायेंगे। भाजपा 300+ जीत जायेगी।।

#साभार
(10…",Manisha79902003
,"RT @AmanChopra_: इस मामले में अखिलेश यादव ने योगी को पछाड़ा। 

योगी की संपत्ति 1.54 करोड़ 
अखिलेश यादव ने 40.14 करोड़ रुपये बताई है।
 
CM र…",AbhimanSinha5
,RT @puneetsinghlive: देश में 700 किसान शहीद हुए. अगर देश के हर कोने में भाजपा का प्रत्याशी कान पकड़कर 700 उठक-बैठक लगाएगा तब भी किसान इ…,_sanjayrathod
,"RT @ARajesh_SP: भीड़ के लिए अखिलेश यादव और जयंत चौधरी पर कार्रवाई करने वाला चुनाव आयोग अमित शाह और योगी के आगे नतमस्तक हो जाता है?
लोकतंत्र…",UPShikshaMitra_
,"देश में 700 किसान शहीद हुए. अगर देश के हर कोने में भाजपा का प्रत्याशी कान पकड़कर 700 उठक-बैठक लगाएगा तब भी किसान इन्हें माफ़ नहीं करेंगे- श्री अखिलेश यादव जी

@RJDUttarPradesh @yadavakhilesh",kuldeepYadavSP_
,"RT @shabana92322690: #BEdTET2011_सपा_के_साथ
@yadavakhilesh
@profamishra
@dimpleyadav
@BhadauriyaAnand
 @jayantrld
@oprajbhar
@shivpalsinghy…",Vimalsir9100
,"RT @AmanChopra_: इस मामले में अखिलेश यादव ने योगी को पछाड़ा। 

योगी की संपत्ति 1.54 करोड़ 
अखिलेश यादव ने 40.14 करोड़ रुपये बताई है।
 
CM र…",NEERAJKUMARMIS7
,RT @ManishPandeyLKW: यूपी में चुनावी मौसम के दौरान अखिलेश यादव की पत्नी डिम्पल यादव पहुँची माँ विंध्यवासिनी के दरबार मे ! https://t.co/rzdA…,DineshYadavAme3
,RT @AkashShankdhar: राम राम सा -  ये मेरा सौभाग्य है। कि में उत्तर प्रदेश के भविष्य और भावी मुख्यमंत्री अखिलेश यादव जी के साथ आज रथ पर खड़ा…,Abhishek__SP
,RT @PragyaLive: बुलंदशहर में आज @yadavakhilesh और @jayantrld की रथ यात्रा बुलंदशहर के जहांगीराबाद में आमने सामने आ गई..अखिलेश यादव ने @priy…,Mahendr90902167
,"RT @AmanChopra_: इस मामले में अखिलेश यादव ने योगी को पछाड़ा। 

योगी की संपत्ति 1.54 करोड़ 
अखिलेश यादव ने 40.14 करोड़ रुपये बताई है।
 
CM र…",kuldeepsangwan_
,"RT @AmanChopra_: इस मामले में अखिलेश यादव ने योगी को पछाड़ा। 

योगी की संपत्ति 1.54 करोड़ 
अखिलेश यादव ने 40.14 करोड़ रुपये बताई है।
 
CM र…",SonGokuSSGodDX
,"RT @shabana92322690: #BEdTET2011_सपा_के_साथ
यूपी में हो रहा चमत्कार🙏🍒
बढ रही ""साईकिल"" की रफ्तार👈
अखिलेश यादव जिंदाबाद बीएड टेट 2011 जिंदाबा…",Vimalsir9100
,"@LaljiDesaiG भाई साहब अखिलेश यादव जी के
पास तो 40 करोड़ की सम्पत्ति है,
उनपे सवाल क्यो नही????
आप शायद ये भूल रहे हैं, योगी जी मात्र मुख्यमंत्री ही नहीं , अपितु हिन्दू युवा वाहिनी 🚩🚩🚩 संस्थापक भी है , वो सनातन धर्म के संरक्षक भी है,और संरक्षण बिना शस्त्र के नहीं किया जा सकता। 🚩🚩🚩🚩🚩🚩",SatyamP53729369
,"RT @AmanChopra_: इस मामले में अखिलेश यादव ने योगी को पछाड़ा। 

योगी की संपत्ति 1.54 करोड़ 
अखिलेश यादव ने 40.14 करोड़ रुपये बताई है।
 
CM र…",_JaunpurWale2
,RT @samajwadiparty: बीजेपी द्वारा लाये गए तीनों काले कानूनों के खिलाफ आंदोलन के दौरान 700 किसान शहीद हुए हैं। बीजेपी का हर उम्मीदवार चाहे 7…,lodhikaushal
,"RT @AmanChopra_: इस मामले में अखिलेश यादव ने योगी को पछाड़ा। 

योगी की संपत्ति 1.54 करोड़ 
अखिलेश यादव ने 40.14 करोड़ रुपये बताई है।
 
CM र…",Awasthi_Jiii
,"RT @Priyans15139598: मुख्यमंत्री गर्मी की बात बोल रहे हैं 

हम सरकार बन जाने पर युवाओं को नौकरी में ‘भर्ती’ देंगे - 

श्री अखिलेश यादव जी h…",Pradeep39003571
,देश में 700 किसान शहीद हुए. अगर देश के हर कोने में भाजपा का प्रत्याशी कान पकड़कर 700 उठक-बैठक लगाएगा तब भी किसान इन्हें माफ़ नहीं करेंगे- अखिलेश यादव,AzadHarshit
,सपा को वोट करने वाले मुस्लिमो जरा इस पर भी एक नजर डाल कर देखिए ना सपा न बीजेपी  कोई किसी का नही है हर जगह मुस्लिमों को नीचे दिखाया जाता है क्या मुस्लिम सिर्फ वोट बैंक है सुधार जाओ अखिलेश यादव ओर आपके कार्यकर्ताओं को भी समझा दो नही तो किसी जिले के विधायक भी नही बन पाओगे https://t.co/TfAiQc4rCS,RehanSiddeeqi
,"RT @bstvlive: Aligarh

➡सपा अध्यक्ष अखिलेश यादव आज अलीगढ़ में

➡कार्यकर्ताओं को चुनाव के मद्देनजर करेंगे संबोधित

➡दोपहर 12 बजे यश रेजिडें…",RohitYa93180375
,"RT @shanu_sab: जब मुसलमान अखिलेश यादव पे अपनी जवानी ही क़ुर्बान कर रहा है। तो दाढ़ी क़ुर्बान करना कौन सी बड़ी बात है?
अगर किसी दाढ़ी वाले…",ChilledHindust1
,"RT @AnilTanwar: जब सभी हमारे खिलाफ थे बस ये एक व्यक्ति हमारे समाज के साथ खड़ा था|
आज श्री अखिलेश यादव जी नें हमारे समाज का साथ देकर दिल जीत…",SakshiM07710318
,"RT @shanu_sab: जब मुसलमान अखिलेश यादव पे अपनी जवानी ही क़ुर्बान कर रहा है। तो दाढ़ी क़ुर्बान करना कौन सी बड़ी बात है?
अगर किसी दाढ़ी वाले…",iamahmed248
,"RT @AmanChopra_: इस मामले में अखिलेश यादव ने योगी को पछाड़ा। 

योगी की संपत्ति 1.54 करोड़ 
अखिलेश यादव ने 40.14 करोड़ रुपये बताई है।
 
CM र…",Than260197
,"RT @ajitanjum: अखिलेश और जयंत के रोड शो से बदलेगा समीकरण ? 
आगरा में अखिलेश यादव और जयंत के साथ बातचीत 
Link 
https://t.co/cpoigeWbCm https…",Umakant63417119
,"RT @AmanChopra_: इस मामले में अखिलेश यादव ने योगी को पछाड़ा। 

योगी की संपत्ति 1.54 करोड़ 
अखिलेश यादव ने 40.14 करोड़ रुपये बताई है।
 
CM र…",Nitin_Ahr
,"RT @bstvlive: Agra 

➡सपा अध्यक्ष @yadavakhilesh ने ट्वीट किया

➡नफरत फैलाने वाले रहें खबरदार– अखिलेश

➡हम मोहब्बत के शहर ताज की नगरी में…",PradhanRambabu
,"अखिलेश यादव के साथ अब बचा ही कौन है?? 
अब्बा जान पहले से ही नाराज हैं 
चचाजान से बातचीत बंद है 
अपर्णा यादव अब उनके परिवार की नहीं रही 
और उत्तर प्रदेश की जनता तो उन्हें टोंटी चोर कहती है https://t.co/wueHXLCJUJ",JaiBhagwanTyag1
,RT @KhadedaHobe: सपा सरकार बनने पर #COVID19 काल मे Over Age हुए बच्चों क़ो नौकरी के लिए #एज मे छूट दिया जायेगा - अखिलेश यादव,ArunYAD46907251
,RT @KhadedaHobe: सपा सरकार बनने पर #COVID19 काल मे Over Age हुए बच्चों क़ो नौकरी के लिए #एज मे छूट दिया जायेगा - अखिलेश यादव,UPShikshaMitra_
,"RT @AmanChopra_: इस मामले में अखिलेश यादव ने योगी को पछाड़ा। 

योगी की संपत्ति 1.54 करोड़ 
अखिलेश यादव ने 40.14 करोड़ रुपये बताई है।
 
CM र…",bjp4khajoori
,"RT @AmanChopra_: इस मामले में अखिलेश यादव ने योगी को पछाड़ा। 

योगी की संपत्ति 1.54 करोड़ 
अखिलेश यादव ने 40.14 करोड़ रुपये बताई है।
 
CM र…",iamyourrachit
,"RT @AmanChopra_: इस मामले में अखिलेश यादव ने योगी को पछाड़ा। 

योगी की संपत्ति 1.54 करोड़ 
अखिलेश यादव ने 40.14 करोड़ रुपये बताई है।
 
CM र…",KATAKIYADHARME7
,"RT @samajwadiparty: सपा-आरएलडी की संयुक्त प्रेसवार्ता, आगरा

हम लोग काम करने वाले लोग हैं। मोहब्बत की नगरी आगरा से दुनिया भर में मोहब्बत का…",Amitkum80973550
,RT @RanjeetYadavSP1: आज विधानसभा सदर #कन्नौज 198 के विभिन्न स्थानों पर जनसंपर्क  कर  समाजवादी पार्टी के प्रत्याशी श्री #अनिल कुमार दोहरे जी…,khursheed9901
,"RT @AmanChopra_: इस मामले में अखिलेश यादव ने योगी को पछाड़ा। 

योगी की संपत्ति 1.54 करोड़ 
अखिलेश यादव ने 40.14 करोड़ रुपये बताई है।
 
CM र…",mukulmittall
,RT @VikashPreetam: यह कैसा समाजवाद है? जहाँ अपनी पिता की उम्र के समाजवादी नेता रामगोविंद चौधरी से अखिलेश यादव अपने पैर छुआ रहे हैं। https:/…,xmodin
,"RT @bstvlive: Agra  

➡सपा अध्यक्ष अखिलेश यादव का जोरदार स्वागत

➡रथ पर सवार अखिलेश यादव का भव्य स्वागत

➡अखिलेश यादव के साथ जयंत चौधरी भी…",alokgupt10
,चुनाव आयोग ने कितने लोगो की भीड़ के लिए गाइडलाइन जारी की है ये अखिलेश यादव जो भारतीय क़ानून व् नियमों को नहीं मानता है ऐसे   लोग देश व् राज्य चलाएंगे। मेरी अपील है सरकार व् चुनाव आयोग से सख्त कार्यवाही करके दोनों नेताओं को फ़ौरन गिरफ्तार करो। https://t.co/ms4eMFwmcU,Shubham_india
,RT @samajwadiparty: समाजवादी पार्टी के राष्ट्रीय अध्यक्ष श्री अखिलेश यादव और राष्ट्रीय लोक दल के राष्ट्रीय अध्यक्ष श्री जयंत चौधरी ने आज आग…,spthesup_30
,"RT @raviyadavjsd: #सरस्वती पूजा का आया है यह प्यारा त्योहार,
उत्तर प्रदेश में लाया है उत्साह और खुशी अपार,
#अखिलेश_यादव_जी को मिलेगी सफलता…",RohitYa93180375
,"RT @bstvlive: Aligarh

➡सपा अध्यक्ष अखिलेश यादव आज अलीगढ़ में

➡कार्यकर्ताओं को चुनाव के मद्देनजर करेंगे संबोधित

➡दोपहर 12 बजे यश रेजिडें…",kuldeepYadavSP_
,RT @MukeshK20947157: उत्तर प्रदेश विधानसभा चुनाव का पहला चरण 10 फ़रवरी से शुरु होकर 7 मार्च तक चलेगा यूपी के लोगों से विनती है समाजवादी पा…,agarwal52_nk
,RT @Eyadvendu: सपा सरकार बनने पर #COVID19 काल मे Over Age हुए बच्चों क़ो नौकरी के लिए #एज मे छूट दिया जायेगा - अखिलेश यादव,spthesup_30
,"RT @AmanChopra_: इस मामले में अखिलेश यादव ने योगी को पछाड़ा। 

योगी की संपत्ति 1.54 करोड़ 
अखिलेश यादव ने 40.14 करोड़ रुपये बताई है।
 
CM र…",PariRan87694711
,RT @puneetsinghlive: देश में 700 किसान शहीद हुए. अगर देश के हर कोने में भाजपा का प्रत्याशी कान पकड़कर 700 उठक-बैठक लगाएगा तब भी किसान इ…,hhhnoman
,"RT @AmanChopra_: इस मामले में अखिलेश यादव ने योगी को पछाड़ा। 

योगी की संपत्ति 1.54 करोड़ 
अखिलेश यादव ने 40.14 करोड़ रुपये बताई है।
 
CM र…",umasankar99999
,"RT @AmanChopra_: इस मामले में अखिलेश यादव ने योगी को पछाड़ा। 

योगी की संपत्ति 1.54 करोड़ 
अखिलेश यादव ने 40.14 करोड़ रुपये बताई है।
 
CM र…",himanshu29
,"ओवैसी ने बिजेपी कि मदद से खुद पर कराया हमला , मुसलमानों का धुर्वीकरण करनें और अखिलेश यादव का वोट काटने के लिए । https://t.co/12LtgUWUTX",vipingautamlu
,"RT @shanu_sab: जब मुसलमान अखिलेश यादव पे अपनी जवानी ही क़ुर्बान कर रहा है। तो दाढ़ी क़ुर्बान करना कौन सी बड़ी बात है?
अगर किसी दाढ़ी वाले…",NavedAlamKhan10
,@samajwadiparty समाजवादी पार्टी के राष्ट्रीय अध्यक्ष आदरणीय अखिलेश यादव जी का अलीगढ़ एवं मथुरा का दौरा https://t.co/ALsnZClzta,RamNiwa90072468
,"RT @ErTiwari_ji29: अखिलेश यादव का शैक्षिक योग्यता और कहा से पढ़े हैं वो देखे आस्ट्रेलिया की डिग्री गायब है ,
मतलब अखिलेश यादव ऑस्ट्रेलिया प…",Sanskriti941
,"#अलीगढ़- सपा अध्यक्ष अखिलेश यादव आज अलीगढ़ में,कार्यकर्ताओं को चुनाव के मद्देनजर करेंगे संबोधित,दोपहर 12 बजे यश रेजिडेंसी में संबोधन कार्यक्रम।",SvasJsNewsTV
,"RT @AmanChopra_: इस मामले में अखिलेश यादव ने योगी को पछाड़ा। 

योगी की संपत्ति 1.54 करोड़ 
अखिलेश यादव ने 40.14 करोड़ रुपये बताई है।
 
CM र…",PramodK63977779
,"RT @ARajesh_SP: भीड़ के लिए अखिलेश यादव और जयंत चौधरी पर कार्रवाई करने वाला चुनाव आयोग अमित शाह और योगी के आगे नतमस्तक हो जाता है?
लोकतंत्र…",khursheed9901
,"#सरस्वती पूजा का आया है यह प्यारा त्योहार,
उत्तर प्रदेश में लाया है उत्साह और खुशी अपार,
#अखिलेश_यादव_जी को मिलेगी सफलता
तभी सरस्वती विराजे जन जन के द्वार
#जय_माँ_सरस्वती #सरस्वती_पूजा
आप सभी को #बसंतपंचमी_की_हार्दिक_शुभकामनाएं @yadavakhilesh @MPDharmendraYdv @NareshUttamSP https://t.co/lJbCWE7o3P",raviyadavjsd
,"RT @AmanChopra_: इस मामले में अखिलेश यादव ने योगी को पछाड़ा। 

योगी की संपत्ति 1.54 करोड़ 
अखिलेश यादव ने 40.14 करोड़ रुपये बताई है।
 
CM र…",BrandRajan
,"RT @AmanChopra_: इस मामले में अखिलेश यादव ने योगी को पछाड़ा। 

योगी की संपत्ति 1.54 करोड़ 
अखिलेश यादव ने 40.14 करोड़ रुपये बताई है।
 
CM र…",PradeepMaddhes6
,"RT @armanjour: AIMIM चीफ ओवैसी पर हुए हमले की अखिलेश यादव ने निंदा की, अपराधी और गुंडे जब प्रदेश छोड़ दिये थे तो ओवैसी कहा दिख गए उनको,मौजू…",SaddamH13187190
,RT @puneetsinghlive: BJP ने जानबूझकर पेपर लीक करवाकर नौकरियों की परीक्षा रद्द करवाई : अखिलेश यादव,iftee__Hind
,"RT @AmanChopra_: इस मामले में अखिलेश यादव ने योगी को पछाड़ा। 

योगी की संपत्ति 1.54 करोड़ 
अखिलेश यादव ने 40.14 करोड़ रुपये बताई है।
 
CM र…",ChotaBambani
,"RT @AmanChopra_: इस मामले में अखिलेश यादव ने योगी को पछाड़ा। 

योगी की संपत्ति 1.54 करोड़ 
अखिलेश यादव ने 40.14 करोड़ रुपये बताई है।
 
CM र…",Pawanba02790442
,"RT @AmanChopra_: इस मामले में अखिलेश यादव ने योगी को पछाड़ा। 

योगी की संपत्ति 1.54 करोड़ 
अखिलेश यादव ने 40.14 करोड़ रुपये बताई है।
 
CM र…",Tumbaaad2
,"RT @AmanChopra_: इस मामले में अखिलेश यादव ने योगी को पछाड़ा। 

योगी की संपत्ति 1.54 करोड़ 
अखिलेश यादव ने 40.14 करोड़ रुपये बताई है।
 
CM र…",dinesh_solanki2
,"RT @shanu_sab: जब मुसलमान अखिलेश यादव पे अपनी जवानी ही क़ुर्बान कर रहा है। तो दाढ़ी क़ुर्बान करना कौन सी बड़ी बात है?
अगर किसी दाढ़ी वाले…",imDanish22
,"RT @AmanChopra_: इस मामले में अखिलेश यादव ने योगी को पछाड़ा। 

योगी की संपत्ति 1.54 करोड़ 
अखिलेश यादव ने 40.14 करोड़ रुपये बताई है।
 
CM र…",23chandradeep
,"RT @Tina_Yadav_SP: 8 फ़रवरी को अखिलेश यादव जी के समर्थन में यूपी आयेंगी ममता दीदी…

“यूपी में भी खेला होबे” https://t.co/Cf5OWTB058",AnkitYa52587242
,"RT @AmanChopra_: इस मामले में अखिलेश यादव ने योगी को पछाड़ा। 

योगी की संपत्ति 1.54 करोड़ 
अखिलेश यादव ने 40.14 करोड़ रुपये बताई है।
 
CM र…",Vish3485
,"RT @BBCHindi: एक दुआ-सलाम, तहज़ीब के नाम- अखिलेश यादव
हमारी भी आपको राम राम- प्रियंका गांधी

यूपी में चुनाव प्रचार के दौरान जब अखिलेश यादव-…",alokgupt10
,RT @puneetsinghlive: देश में 700 किसान शहीद हुए. अगर देश के हर कोने में भाजपा का प्रत्याशी कान पकड़कर 700 उठक-बैठक लगाएगा तब भी किसान इ…,Ishansh62900996
,RT @Satyapr78049500: मुख्यमंत्री असल में यह कह रहे हैं की जनता उनकी गर्मी निकाले और वापस उत्तराखंड भेजे - श्री अखिलेश यादव जी,NarendraBBA
,"RT @AmanChopra_: इस मामले में अखिलेश यादव ने योगी को पछाड़ा। 

योगी की संपत्ति 1.54 करोड़ 
अखिलेश यादव ने 40.14 करोड़ रुपये बताई है।
 
CM र…",_amolsingh91
,"RT @AmanChopra_: इस मामले में अखिलेश यादव ने योगी को पछाड़ा। 

योगी की संपत्ति 1.54 करोड़ 
अखिलेश यादव ने 40.14 करोड़ रुपये बताई है।
 
CM र…",bdipankar09
,RT @real_sksunilm: मौर्य समाज का काम कूड़ा उठाने और नाली साफ़ कराने का है इनको (केशव प्रसाद मौर्य) डिप्टी CM कैसे बना सकते है : श्री अखिलेश…,DrPrabhaker
,RT @AkashShankdhar: राम राम सा -  ये मेरा सौभाग्य है। कि में उत्तर प्रदेश के भविष्य और भावी मुख्यमंत्री अखिलेश यादव जी के साथ आज रथ पर खड़ा…,ahirsanjayadav7
,RT @AkashShankdhar: राम राम सा -  ये मेरा सौभाग्य है। कि में उत्तर प्रदेश के भविष्य और भावी मुख्यमंत्री अखिलेश यादव जी के साथ आज रथ पर खड़ा…,satyendrayadavJ
,"RT @modified_hindu: बात सन 2015 की है।

श्री अखिलेश यादव लखनऊ आगरा एक्सप्रेसवे बनाने का एक बड़ा इरादा लिए मैदान में कूद पड़े थे। उस समय अखि…",dinesh_solanki2
,"RT @ARajesh_SP: भीड़ के लिए अखिलेश यादव और जयंत चौधरी पर कार्रवाई करने वाला चुनाव आयोग अमित शाह और योगी के आगे नतमस्तक हो जाता है?
लोकतंत्र…",NarendraBBA
,RT @Samajwadi_mpi: करहल विधानसभा में आदरणीय राष्ट्रीय अध्यक्ष श्री अखिलेश यादव जी के समर्थन में चौपाल कार्यक्रम के माध्यम से जनता से संवाद…,KunwarAdilmpi
,"ओवैसी ने बिजेपी कि मदद से खुद पर कराया हमला , मुसलमानों का धुर्वीकरण करनें और अखिलेश यादव का वोट काटने के लिए ।",vipingautamlu
,"RT @AmanChopra_: इस मामले में अखिलेश यादव ने योगी को पछाड़ा। 

योगी की संपत्ति 1.54 करोड़ 
अखिलेश यादव ने 40.14 करोड़ रुपये बताई है।
 
CM र…",thakursaurabh80
,"RT @AmanChopra_: इस मामले में अखिलेश यादव ने योगी को पछाड़ा। 

योगी की संपत्ति 1.54 करोड़ 
अखिलेश यादव ने 40.14 करोड़ रुपये बताई है।
 
CM र…",MauryaSatiah
,RT @Samajwadi_mpi: देर रात करहल विधानसभा में आदरणीय राष्ट्रीय अध्यक्ष श्री अखिलेश यादव जी के समर्थन में चौपाल कार्यक्रम के माध्यम से जनता…,KunwarAdilmpi
,"RT @shanu_sab: जब मुसलमान अखिलेश यादव पे अपनी जवानी ही क़ुर्बान कर रहा है। तो दाढ़ी क़ुर्बान करना कौन सी बड़ी बात है?
अगर किसी दाढ़ी वाले…",khurshedahmad90
,RT @Yadavjitendr99: समाजवादी किसान सभा के राष्ट्रीय अध्यक्ष मनियाय इकराम चौधरी जी को चुनाव प्रचार की जिम्मेदारी देने पर मानियाय अखिलेश यादव…,AryanYA19453049
,RT @aashishsy: मुख्यमंत्री असल में यह कह रहे हैं की जनता उनकी गर्मी निकाले और वापस उत्तराखंड भेजे - श्री अखिलेश यादव जी,lalitkumartau
,"RT @AmanChopra_: इस मामले में अखिलेश यादव ने योगी को पछाड़ा। 

योगी की संपत्ति 1.54 करोड़ 
अखिलेश यादव ने 40.14 करोड़ रुपये बताई है।
 
CM र…",aka2058
,"RT @shanu_sab: जब मुसलमान अखिलेश यादव पे अपनी जवानी ही क़ुर्बान कर रहा है। तो दाढ़ी क़ुर्बान करना कौन सी बड़ी बात है?
अगर किसी दाढ़ी वाले…",PthanAbukash
,RT @Eyadvendu: सपा सरकार बनने पर #COVID19 काल मे Over Age हुए बच्चों क़ो नौकरी के लिए #एज मे छूट दिया जायेगा - अखिलेश यादव,meamitsaifai15
,"RT @AmanChopra_: इस मामले में अखिलेश यादव ने योगी को पछाड़ा। 

योगी की संपत्ति 1.54 करोड़ 
अखिलेश यादव ने 40.14 करोड़ रुपये बताई है।
 
CM र…",BharatS16237767
,"RT @RahulSingh_SP: छोटे भाई अखिलेश यादव जी को जन्मदिन की हार्दिक शुभकामनाएं बधाई
04-02-22
@RahulSingh_SP https://t.co/ZOYhzs0DBW",AAjjy65
,"RT @modified_hindu: अमित शाह बना रहे हैं। उम्मीद है चुनाव के आखिरी चरण आते आते अखिलेश यादव सलट जायेंगे। भाजपा 300+ जीत जायेगी।।

#साभार
(10…",SwarajRathore
,"RT @AmanChopra_: इस मामले में अखिलेश यादव ने योगी को पछाड़ा। 

योगी की संपत्ति 1.54 करोड़ 
अखिलेश यादव ने 40.14 करोड़ रुपये बताई है।
 
CM र…",swatrisha
,"RT @AmanChopra_: इस मामले में अखिलेश यादव ने योगी को पछाड़ा। 

योगी की संपत्ति 1.54 करोड़ 
अखिलेश यादव ने 40.14 करोड़ रुपये बताई है।
 
CM र…",SandipP47389330
,"अखिलेश यादव जी, हमे मुफ्त में बिजली नही चाहिए, बल्कि बिजली चाहिए जो 24 घण्टे आती रहे।

और बाबाजी की सरकार में ये संभव हुआ है, इसलिए #आएंगे_तो_योगी_ही",premchauhan09
,RT @samajwadiparty: समाजवादी पार्टी के राष्ट्रीय अध्यक्ष श्री अखिलेश यादव और राष्ट्रीय लोक दल के राष्ट्रीय अध्यक्ष श्री जयंत चौधरी ने आज आग…,Vinay726
,RT @RamNiwa90072468: समाजवादी पार्टी के राष्ट्रीय अध्यक्ष आदरणीय अखिलेश यादव जी की प्रेस वार्ता जिला अलीगढ़ https://t.co/mh92CLIIeu,NamanSp
,"RT @RohitJhanakSb: Budget reactions by Legends 

कॉर्पोरेट टैक्स कम किया गया, हीरे के गहने सस्ते हुए ये अडानी अम्बानी का बजट है ~ राहुल
मो…",LAKSHMI86594967
,RT @PawanKu15919753: रायबरेली सदर विधानसभा की सम्मानित जनता से हाथ जोड़कर निवेदन है की इस विधानसभा चुनाव में हमारे बड़े भैया आरपी यादव समाज…,Narendrayadavsp
,"जिसकी जितनी संख्या भारी 
उसकी उतनी हिस्सेदारी 

 राष्ट्रीय अध्यक्ष श्री अखिलेश यादव जी से विनम्र निवेदन है 312मेंहदावल विधानसभा क्षेत्र से पिछड़े बुनकर समाज के दिग्गज नेता मोहम्मद इसहाक अंसारी समाजवादी पार्टी से उम्मीदवार बनाने की कृपा करें  
@yadavakhilesh 
@SantoshYadavMLC",ansariazam2926
,"RT @ajitanjum: अखिलेश और जयंत के रोड शो से बदलेगा समीकरण ? 
आगरा में अखिलेश यादव और जयंत के साथ बातचीत 
Link 
https://t.co/cpoigeWbCm https…",ranjeethp2019
,"RT @samajwadiparty: ये गर्मी निकालना चाहते हैं और हम लोग अपने नौजवानों के लिए नौकरी निकालना चाहते हैं:-

माननीय राष्ट्रीय अध्यक्ष श्री अखि…",zaheer_hasan
,RT @atulpradhansp: सरधना विधानसभा क्षेत्रों में पाल समाज का सम्मेलन आयोजित किया गया। इस दौरान भारी संख्या में पाल समाज के लोगों ने माननीय अ…,RAZAULLAKHAN13
,"RT @AmanChopra_: इस मामले में अखिलेश यादव ने योगी को पछाड़ा। 

योगी की संपत्ति 1.54 करोड़ 
अखिलेश यादव ने 40.14 करोड़ रुपये बताई है।
 
CM र…",sanilsudheer75
,RT @aashishsy: मुख्यमंत्री असल में यह कह रहे हैं की जनता उनकी गर्मी निकाले और वापस उत्तराखंड भेजे - श्री अखिलेश यादव जी,ArunYadav4SP
,"RT @bstvlive: Mirzapur 

➡अखिलेश की पत्नी डिम्पल यादव पहुंचीं मिर्जापुर

➡डिम्पल यादव ने मां विंध्यवासिनी के दर्शन किए

➡यूपी चुनाव के बीच…",GouravJain108
,"RT @AmanChopra_: इस मामले में अखिलेश यादव ने योगी को पछाड़ा। 

योगी की संपत्ति 1.54 करोड़ 
अखिलेश यादव ने 40.14 करोड़ रुपये बताई है।
 
CM र…",wyAToJb5qpvBfA3
,"RT @AmanChopra_: इस मामले में अखिलेश यादव ने योगी को पछाड़ा। 

योगी की संपत्ति 1.54 करोड़ 
अखिलेश यादव ने 40.14 करोड़ रुपये बताई है।
 
CM र…",AnilSoniAnna1
,RT @puneetsinghlive: BJP ने जानबूझकर पेपर लीक करवाकर नौकरियों की परीक्षा रद्द करवाई : अखिलेश यादव,ranjeethp2019
,"RT @AmanChopra_: इस मामले में अखिलेश यादव ने योगी को पछाड़ा। 

योगी की संपत्ति 1.54 करोड़ 
अखिलेश यादव ने 40.14 करोड़ रुपये बताई है।
 
CM र…",NagpurKaSanghi
,"RT @RohitJhanakSb: जब सत्ता में थे तब नहीं दिया किसानों को उनका अधिकार
सैफई चलता रहा रासरंग आनंद, किसानों को दिया धिक्कार

जब नजदीक आए चुना…",LAKSHMI86594967
,"RT @AmanChopra_: इस मामले में अखिलेश यादव ने योगी को पछाड़ा। 

योगी की संपत्ति 1.54 करोड़ 
अखिलेश यादव ने 40.14 करोड़ रुपये बताई है।
 
CM र…",QJasmine137
,RT @puneetsinghlive: देश में 700 किसान शहीद हुए. अगर देश के हर कोने में भाजपा का प्रत्याशी कान पकड़कर 700 उठक-बैठक लगाएगा तब भी किसान इ…,d02fa29565de45f
,RT @SatyaSanatan_: #अखिलेश_यादव का बोझ न उठा पाई #साइकिल और आत्महत्य। कर ली दुखद 😣,Shiva__1
,"RT @Shinde_Voice: अखिलेश यादव के रोड शो से कही ज्यादा लोग तो हमारे जयप्रकाश जी को सुनने पहुंच रहे है।

 https://t.co/V8V9cMyTtg",brajesh9650
,समाजवादी पार्टी के राष्ट्रीय अध्यक्ष आदरणीय अखिलेश यादव जी की प्रेस वार्ता जिला अलीगढ़ https://t.co/mh92CLIIeu,RamNiwa90072468
,"RT @Tina_Yadav_SP: 8 फ़रवरी को अखिलेश यादव जी के समर्थन में यूपी आयेंगी ममता दीदी…

“यूपी में भी खेला होबे” https://t.co/Cf5OWTB058",AjayYad52870219
,"आख़िर योगी आदित्यनाथ,अखिलेश यादव से पीछे हो गए
अखिलेश यादव इन दिनों हर सभा में कहते रहते हैं कि जनता ने बाबा मुख्य मंत्री को विदा करने का मन बना लिया है। तो इस बार के विधान सभा चुनाव में आख़िर योगी आदित्यनाथ ,अखिलेश से कम से कम एक मामले में पीछे हो गए। https://t.co/Yjm8mlSyGX",bharat_gatha
,"RT @AmanChopra_: इस मामले में अखिलेश यादव ने योगी को पछाड़ा। 

योगी की संपत्ति 1.54 करोड़ 
अखिलेश यादव ने 40.14 करोड़ रुपये बताई है।
 
CM र…",Arunbha03389898
,"RT @samajwadiparty: ये गर्मी निकालना चाहते हैं और हम लोग अपने नौजवानों के लिए नौकरी निकालना चाहते हैं:-

माननीय राष्ट्रीय अध्यक्ष श्री अखि…",Kedar03772841
,RT @puneetsinghlive: देश में 700 किसान शहीद हुए. अगर देश के हर कोने में भाजपा का प्रत्याशी कान पकड़कर 700 उठक-बैठक लगाएगा तब भी किसान इ…,Amitkum80973550
,"RT @samajwadiparty: ये गर्मी निकालना चाहते हैं और हम लोग अपने नौजवानों के लिए नौकरी निकालना चाहते हैं:-

माननीय राष्ट्रीय अध्यक्ष श्री अखि…",sahillove402
,"#यूपी_चुनाव नामांकन रिकॉर्ड - 

योगी जी की संपत्ति 1.54 करोड़ 
अखिलेश यादव की 40.14 करोड़

योगी जी पर एक भी क्रिमिनल केस नहीं 
अखिलेश यादव पर 3 मामले दर्ज

फर्क साफ-काम दमदार,सोच ईमानदार☺️👍",Noida100
,"RT @shanu_sab: जब मुसलमान अखिलेश यादव पे अपनी जवानी ही क़ुर्बान कर रहा है। तो दाढ़ी क़ुर्बान करना कौन सी बड़ी बात है?
अगर किसी दाढ़ी वाले…",MdMarushat
,"RT @AmanChopra_: इस मामले में अखिलेश यादव ने योगी को पछाड़ा। 

योगी की संपत्ति 1.54 करोड़ 
अखिलेश यादव ने 40.14 करोड़ रुपये बताई है।
 
CM र…",INDRAKANTMish16
,RT @puneetsinghlive: BJP ने जानबूझकर पेपर लीक करवाकर नौकरियों की परीक्षा रद्द करवाई : अखिलेश यादव,MalikaK03756095
,"RT @bstvlive: Lucknow 

➡सपा अध्यक्ष @yadavakhilesh का ट्वीट

➡खेत बचाओ तार से- अखिलेश यादव

➡किसान बचाओ थार से-अखिलेश यादव।

#Lucknow http…",GouravJain108
,RT @puneetsinghlive: देश में 700 किसान शहीद हुए. अगर देश के हर कोने में भाजपा का प्रत्याशी कान पकड़कर 700 उठक-बैठक लगाएगा तब भी किसान इ…,Rohitya29061238
,"RT @samajwadiparty: ये गर्मी निकालना चाहते हैं और हम लोग अपने नौजवानों के लिए नौकरी निकालना चाहते हैं:-

माननीय राष्ट्रीय अध्यक्ष श्री अखि…",AzadHarshit
,"RT @AmanChopra_: इस मामले में अखिलेश यादव ने योगी को पछाड़ा। 

योगी की संपत्ति 1.54 करोड़ 
अखिलेश यादव ने 40.14 करोड़ रुपये बताई है।
 
CM र…",Pihupriy
,"RT @samajwadiparty: ये गर्मी निकालना चाहते हैं और हम लोग अपने नौजवानों के लिए नौकरी निकालना चाहते हैं:-

माननीय राष्ट्रीय अध्यक्ष श्री अखि…",knyadavofficial
,"RT @AmanChopra_: इस मामले में अखिलेश यादव ने योगी को पछाड़ा। 

योगी की संपत्ति 1.54 करोड़ 
अखिलेश यादव ने 40.14 करोड़ रुपये बताई है।
 
CM र…",iamprathvi7
,"RT @shanu_sab: जब मुसलमान अखिलेश यादव पे अपनी जवानी ही क़ुर्बान कर रहा है। तो दाढ़ी क़ुर्बान करना कौन सी बड़ी बात है?
अगर किसी दाढ़ी वाले…",AslamKh316693
,"RT @bstvlive: Aligarh

➡सपा अध्यक्ष अखिलेश यादव आज अलीगढ़ में

➡कार्यकर्ताओं को चुनाव के मद्देनजर करेंगे संबोधित

➡दोपहर 12 बजे यश रेजिडें…",ArjunSinghKas16
,RT @samajwadiparty: बीजेपी द्वारा लाये गए तीनों काले कानूनों के खिलाफ आंदोलन के दौरान 700 किसान शहीद हुए हैं। बीजेपी का हर उम्मीदवार चाहे 7…,LataYad1599
,"हाँ हाँ #अखिलेश_यादव आओ ट्रक के सामने लेट जाओ 😂😂
#YogiWillBeBack https://t.co/FGaWuTPCZE",SatyaSanatan_
,"RT @bstvlive: Mathura

➡अखिलेश यादव और जयंत चौधरी का मथुरा दौरा

➡मांट में अखिलेश सपा-RLD प्रत्याशी के पक्ष में करेंगे प्रचार

➡गोवर्धन में…",Drpankajyadav25
,"RT @AmanChopra_: इस मामले में अखिलेश यादव ने योगी को पछाड़ा। 

योगी की संपत्ति 1.54 करोड़ 
अखिलेश यादव ने 40.14 करोड़ रुपये बताई है।
 
CM र…",MAHAVIR07843151
,"RT @AmanChopra_: इस मामले में अखिलेश यादव ने योगी को पछाड़ा। 

योगी की संपत्ति 1.54 करोड़ 
अखिलेश यादव ने 40.14 करोड़ रुपये बताई है।
 
CM र…",harshwardhanjal
,"RT @shanu_sab: जब मुसलमान अखिलेश यादव पे अपनी जवानी ही क़ुर्बान कर रहा है। तो दाढ़ी क़ुर्बान करना कौन सी बड़ी बात है?
अगर किसी दाढ़ी वाले…",mohdfurkan_
,"RT @LaxmiSingh02: उत्तरप्रदेश चुनावों का एक ऐतिहासिक मंज़र...
बुलंदशहर के एक चौराहे जब प्रियंका गांधी और अखिलेश  यादव ,जयंत का हो गया आमना…",LivJ1405
,"RT @AmanChopra_: इस मामले में अखिलेश यादव ने योगी को पछाड़ा। 

योगी की संपत्ति 1.54 करोड़ 
अखिलेश यादव ने 40.14 करोड़ रुपये बताई है।
 
CM र…",HarshitMaHi4
,"RT @PremPra57627972: करहल जहां से अखिलेश यादव चुनाव लड़ रहे हैं, उनको कांग्रेस ने समर्थन दे दिया तो, बसपा की बहन मायावती ने भाजपा को समर्थन…",JayantMody
,"RT @Ermanish7272: वोट तो हमारा #समाजवादी को ही जायेगा क्योकि,
      हमारा #वक्त खराब हो सकता है #रक्त  नही..!! 
                     
#जय_स…",itsmePranshu
,"RT @AmanChopra_: इस मामले में अखिलेश यादव ने योगी को पछाड़ा। 

योगी की संपत्ति 1.54 करोड़ 
अखिलेश यादव ने 40.14 करोड़ रुपये बताई है।
 
CM र…",Hiteshpujara4
,"RT @Tina_Yadav_SP: मुख्यमंत्री गर्मी की बात बोल रहे हैं 

हम सरकार बन जाने पर युवाओं को नौकरी में ‘भर्ती’ देंगे - 

श्री अखिलेश यादव जी htt…",sudhiry54992142
,RT @AkashShankdhar: राम राम सा -  ये मेरा सौभाग्य है। कि में उत्तर प्रदेश के भविष्य और भावी मुख्यमंत्री अखिलेश यादव जी के साथ आज रथ पर खड़ा…,itsmePranshu
,RT @manojdagabjp: यह कैसा समाजवाद है? जहाँ अपनी पिता की उम्र के समाजवादी नेता रामगोविंद चौधरी से अखिलेश यादव अपने पैर छुआ रहे हैं। https://…,VijayMRathor
,"RT @ajitanjum: अखिलेश और जयंत के रोड शो से बदलेगा समीकरण ? 
आगरा में अखिलेश यादव और जयंत के साथ बातचीत 
Link 
https://t.co/cpoigeWbCm https…",Sandeep02101974
,"RT @AmanChopra_: इस मामले में अखिलेश यादव ने योगी को पछाड़ा। 

योगी की संपत्ति 1.54 करोड़ 
अखिलेश यादव ने 40.14 करोड़ रुपये बताई है।
 
CM र…",Devji21
,"RT @AmanChopra_: इस मामले में अखिलेश यादव ने योगी को पछाड़ा। 

योगी की संपत्ति 1.54 करोड़ 
अखिलेश यादव ने 40.14 करोड़ रुपये बताई है।
 
CM र…",rohitsingh1020
,RT @puneetsinghlive: BJP ने जानबूझकर पेपर लीक करवाकर नौकरियों की परीक्षा रद्द करवाई : अखिलेश यादव,Ishansh62900996
,RT @samajwadiparty: बीजेपी द्वारा लाये गए तीनों काले कानूनों के खिलाफ आंदोलन के दौरान 700 किसान शहीद हुए हैं। बीजेपी का हर उम्मीदवार चाहे 7…,d02fa29565de45f
,RT @samajwadiparty: बीजेपी द्वारा लाये गए तीनों काले कानूनों के खिलाफ आंदोलन के दौरान 700 किसान शहीद हुए हैं। बीजेपी का हर उम्मीदवार चाहे 7…,MuneshS39759203
,"@ajitanjum हेय सब कब तू नहीं बताएगा क्यू की तूने इसे पैसा खाया होगा ? योगी की संपत्ति 1.54 करोड़ 
अखिलेश यादव ने 40.14 करोड़ रुपये बताई है।
 
CM रहते योगी की संपत्ति 61% बढ़ी, 
अखिलेश की 327% बढ़ी थी।

योगी पर एक भी क्रिमिनल केस नहीं है,
अखिलेश पर 3 मामले दर्ज हैं।",VINODRMISHRA5
,"RT @AmanChopra_: इस मामले में अखिलेश यादव ने योगी को पछाड़ा। 

योगी की संपत्ति 1.54 करोड़ 
अखिलेश यादव ने 40.14 करोड़ रुपये बताई है।
 
CM र…",pjs_17
,"RT @shanu_sab: जब मुसलमान अखिलेश यादव पे अपनी जवानी ही क़ुर्बान कर रहा है। तो दाढ़ी क़ुर्बान करना कौन सी बड़ी बात है?
अगर किसी दाढ़ी वाले…",ErMdAsif123
,RT @puneetsinghlive: BJP ने जानबूझकर पेपर लीक करवाकर नौकरियों की परीक्षा रद्द करवाई : अखिलेश यादव,MOHAMMA92708294
,"RT @ajitanjum: अखिलेश और जयंत के रोड शो से बदलेगा समीकरण ? 
आगरा में अखिलेश यादव और जयंत के साथ बातचीत 
Link 
https://t.co/cpoigeWbCm https…",athar1270
,"RT @AmanChopra_: इस मामले में अखिलेश यादव ने योगी को पछाड़ा। 

योगी की संपत्ति 1.54 करोड़ 
अखिलेश यादव ने 40.14 करोड़ रुपये बताई है।
 
CM र…",RKNAYAK41003939
,RT @KhadedaHobe: सपा सरकार बनने पर #COVID19 काल मे Over Age हुए बच्चों क़ो नौकरी के लिए #एज मे छूट दिया जायेगा - अखिलेश यादव,MohitSi26704145
,"RT @AmanChopra_: इस मामले में अखिलेश यादव ने योगी को पछाड़ा। 

योगी की संपत्ति 1.54 करोड़ 
अखिलेश यादव ने 40.14 करोड़ रुपये बताई है।
 
CM र…",shivaayee
,"RT @Brij_Ayodhya: जब 786 वाले एकमत होकर अखिलेश यादव को वोट डालेंगे तो,
हम 1008 वाले भी एकजुट होकर योगी जी को वोट डालेंगे,,",Tiwari___007
,RT @RashtrawadiRaj1: दलित वोटर जो मायावती का कोर वोटर था वो यूपी में अब #योगी_जी_है_तो_यूपी_सुरक्षित_हैं की वजह से #योगी_जी_फिर_आएंगे की तै…,_Sudhir_singh_
,"RT @AmanChopra_: इस मामले में अखिलेश यादव ने योगी को पछाड़ा। 

योगी की संपत्ति 1.54 करोड़ 
अखिलेश यादव ने 40.14 करोड़ रुपये बताई है।
 
CM र…",Sheeshp56459757
,RT @modified_hindu: अच्छा आज अगर मेरठ से वापसी पर टोल प्लाजा पर ओवैसी को मारी गई गोली निशाने पर लग जाती तो उत्तर प्रदेश में तो तय मानिए कि…,ashuvaani
,"RT @DewChaudhary: योगी जी,,, से मुकाबले में,,,, चीन और पाकिस्तान,, है।।।अखिलेश यादव,,, को चीन,पाकिस्तान,, ने ही फंडिंग करके खड़ा किया है।।।…",aZ9KJa5XNz5AvBC
,"RT @samajwadiparty: ये गर्मी निकालना चाहते हैं और हम लोग अपने नौजवानों के लिए नौकरी निकालना चाहते हैं:-

माननीय राष्ट्रीय अध्यक्ष श्री अखि…",zibrailmohamma3
,RT @puneetsinghlive: BJP ने जानबूझकर पेपर लीक करवाकर नौकरियों की परीक्षा रद्द करवाई : अखिलेश यादव,Shadabm62912729
,RT @PawanKu15919753: रायबरेली सदर विधानसभा की सम्मानित जनता से हाथ जोड़कर निवेदन है की इस विधानसभा चुनाव में हमारे बड़े भैया आरपी यादव समाज…,SanjayK81111002
,"RT @AmanChopra_: इस मामले में अखिलेश यादव ने योगी को पछाड़ा। 

योगी की संपत्ति 1.54 करोड़ 
अखिलेश यादव ने 40.14 करोड़ रुपये बताई है।
 
CM र…",SwarajRathore
,"RT @AmanChopra_: इस मामले में अखिलेश यादव ने योगी को पछाड़ा। 

योगी की संपत्ति 1.54 करोड़ 
अखिलेश यादव ने 40.14 करोड़ रुपये बताई है।
 
CM र…",Narendr69445265
,"RT @AmanChopra_: इस मामले में अखिलेश यादव ने योगी को पछाड़ा। 

योगी की संपत्ति 1.54 करोड़ 
अखिलेश यादव ने 40.14 करोड़ रुपये बताई है।
 
CM र…",ppagarwal
,"RT @ajitanjum: अखिलेश और जयंत के रोड शो से बदलेगा समीकरण ? 
आगरा में अखिलेश यादव और जयंत के साथ बातचीत 
Link 
https://t.co/cpoigeWbCm https…",Manjot75230866
,"RT @samajwadiparty: ""गरीब के इलाज की व्यवस्था कर कोई कर सकता है तो समाजवादी ही कर सकते हैं"" 

माननीय राष्ट्रीय अध्यक्ष श्री अखिलेश यादव जी…",anshul186
,"RT @AmanChopra_: इस मामले में अखिलेश यादव ने योगी को पछाड़ा। 

योगी की संपत्ति 1.54 करोड़ 
अखिलेश यादव ने 40.14 करोड़ रुपये बताई है।
 
CM र…",Ram86071466
,"RT @bhaiajit4: ग्रेटर नोएडा -- दादरी में अखिलेश यादव के स्वागत में सपा समर्थकों ने कोविड गाइडलाइन और धारा 144  की जमकर उड़ाई धज्जियां ,सपा…",Harioom_meena
,"RT @News18UP: #BreakingNews 
अपर्णा यादव @aparnabisht7  ने बाराबंकी में जनसभा को संबोधित किया... इस दौरान उनके सामने अखिलेश यादव @yadavakhi…",mishrarohit812
,"बीजेपी द्वारा लाये गए तीनों काले कानूनों के खिलाफ आंदोलन के दौरान 700 किसान शहीद हुए हैं। बीजेपी का हर उम्मीदवार चाहे 700 बार उठक-बैठक लगाए, किसान उन्हें माफ नहीं करेंगे:-

माननीय राष्ट्रीय अध्यक्ष श्री अखिलेश यादव जी https://t.co/t1oQhPLlna
@yadavakhilesh
@samajwadiparty",SanjayRRPandey
,सपा अध्यक्ष अखिलेश यादव का आज अलीगढ़ एवं मथुरा दौरा,r9_tv
,RT @ComedyVikas: 9/40 शादी से बाहर संबंध रखने वाली स्त्री को फांसी देना चाहते थे! अखिलेश यादव बेशर्मी से पत्रकारों को प्रश्न करते थे – “…,paragrastogi1
,RT @samajwadiparty: बीजेपी द्वारा लाये गए तीनों काले कानूनों के खिलाफ आंदोलन के दौरान 700 किसान शहीद हुए हैं। बीजेपी का हर उम्मीदवार चाहे 7…,Akshay51651299
,"RT @shanu_sab: जब मुसलमान अखिलेश यादव पे अपनी जवानी ही क़ुर्बान कर रहा है। तो दाढ़ी क़ुर्बान करना कौन सी बड़ी बात है?
अगर किसी दाढ़ी वाले…",parvez_jii
,RT @aashishsy: मुख्यमंत्री असल में यह कह रहे हैं की जनता उनकी गर्मी निकाले और वापस उत्तराखंड भेजे - श्री अखिलेश यादव जी,Tribhuw66722565
,RT @puneetsinghlive: BJP ने जानबूझकर पेपर लीक करवाकर नौकरियों की परीक्षा रद्द करवाई : अखिलेश यादव,Amit77666888
,"RT @bstvlive: Lucknow 

➡सपा अध्यक्ष @yadavakhilesh का ट्वीट

➡खेत बचाओ तार से- अखिलेश यादव

➡किसान बचाओ थार से-अखिलेश यादव।

#Lucknow http…",burhanamba97
,"RT @AmanChopra_: इस मामले में अखिलेश यादव ने योगी को पछाड़ा। 

योगी की संपत्ति 1.54 करोड़ 
अखिलेश यादव ने 40.14 करोड़ रुपये बताई है।
 
CM र…",arpit11chauhan
,"RT @AmanChopra_: इस मामले में अखिलेश यादव ने योगी को पछाड़ा। 

योगी की संपत्ति 1.54 करोड़ 
अखिलेश यादव ने 40.14 करोड़ रुपये बताई है।
 
CM र…",ShankhdharAbhay
,"RT @ARajesh_SP: भीड़ के लिए अखिलेश यादव और जयंत चौधरी पर कार्रवाई करने वाला चुनाव आयोग अमित शाह और योगी के आगे नतमस्तक हो जाता है?
लोकतंत्र…",anilYAD942852
,"RT @news24tvchannel: 'अखिलेश यादव सारे अपराधियों के सरगना हैं'

: उप मुख्यमंत्री @kpmaurya1 

#UPElections2022 https://t.co/6dGMft86Io",Sunitkrsrivasta
,"RT @AmanChopra_: इस मामले में अखिलेश यादव ने योगी को पछाड़ा। 

योगी की संपत्ति 1.54 करोड़ 
अखिलेश यादव ने 40.14 करोड़ रुपये बताई है।
 
CM र…",ChotaBaccha5
,"RT @AmanChopra_: इस मामले में अखिलेश यादव ने योगी को पछाड़ा। 

योगी की संपत्ति 1.54 करोड़ 
अखिलेश यादव ने 40.14 करोड़ रुपये बताई है।
 
CM र…",AmitSin14622814
,"RT @ajitanjum: अखिलेश और जयंत के रोड शो से बदलेगा समीकरण ? 
आगरा में अखिलेश यादव और जयंत के साथ बातचीत 
Link 
https://t.co/cpoigeWbCm https…",AmitKum53241848
,"RT @samajwadiparty: ""हमारे बाबा मुख्यमंत्री ने किसी फसल की कीमत नहीं दी... हमारे किसानों के ऊपर तीन काले कृषि कानून लाए गए... जिन्हें किसा…",samajvadiparty3
,"RT @AmanChopra_: इस मामले में अखिलेश यादव ने योगी को पछाड़ा। 

योगी की संपत्ति 1.54 करोड़ 
अखिलेश यादव ने 40.14 करोड़ रुपये बताई है।
 
CM र…",Baliyan50
,#अखिलेश_यादव का बोझ न उठा पाई #साइकिल और आत्महत्य। कर ली दुखद 😣 https://t.co/cu3CCyOMwG,SatyaSanatan_
,"RT @AmanChopra_: इस मामले में अखिलेश यादव ने योगी को पछाड़ा। 

योगी की संपत्ति 1.54 करोड़ 
अखिलेश यादव ने 40.14 करोड़ रुपये बताई है।
 
CM र…",CosmicString108
,"RT @samajwadiparty: ये गर्मी निकालना चाहते हैं और हम लोग अपने नौजवानों के लिए नौकरी निकालना चाहते हैं:-

माननीय राष्ट्रीय अध्यक्ष श्री अखि…",DAYAYAD06751366
,"RT @samajwadiparty: ये गर्मी निकालना चाहते हैं और हम लोग अपने नौजवानों के लिए नौकरी निकालना चाहते हैं:-

माननीय राष्ट्रीय अध्यक्ष श्री अखि…",samajvadiparty3
,"RT @shanu_sab: जब मुसलमान अखिलेश यादव पे अपनी जवानी ही क़ुर्बान कर रहा है। तो दाढ़ी क़ुर्बान करना कौन सी बड़ी बात है?
अगर किसी दाढ़ी वाले…",Imran111101
,"RT @AmanChopra_: इस मामले में अखिलेश यादव ने योगी को पछाड़ा। 

योगी की संपत्ति 1.54 करोड़ 
अखिलेश यादव ने 40.14 करोड़ रुपये बताई है।
 
CM र…",PawanTi04645635
,RT @puneetsinghlive: देश में 700 किसान शहीद हुए. अगर देश के हर कोने में भाजपा का प्रत्याशी कान पकड़कर 700 उठक-बैठक लगाएगा तब भी किसान इ…,tweets_adityaK
,"RT @suryapsingh_IAS: राजनैतिक शिष्टाचार का नायाब नमूना।

#अखिलेश_यादव व #प्रियंका_गाँधी ने एक रोड शो के दौरान एक दूसरे का हाथ हिलाकर अभिवाद…",AnoopSinghSuddu
,RT @samajwadiparty: समाजवादी पार्टी के राष्ट्रीय अध्यक्ष श्री अखिलेश यादव जी की स्वीकृति से प्रदेश अध्यक्ष श्री नरेश उत्तम पटेल द्वारा श्री…,samajvadiparty3
,RT @samajwadiparty: समाजवादी पार्टी की नीतियों और राष्ट्रीय अध्यक्ष एवं पूर्व मुख्यमंत्री श्री अखिलेश यादव के नेतृत्व पर आस्था जताते हुए मु…,samajvadiparty3
,RT @swatantrabjp: यूपी के विकास से प्रभावित होकर स्वयं अखिलेश यादव भी ‘कमल’ का बटन दबा सकते है…,pappuhari74
,"RT @AmanChopra_: इस मामले में अखिलेश यादव ने योगी को पछाड़ा। 

योगी की संपत्ति 1.54 करोड़ 
अखिलेश यादव ने 40.14 करोड़ रुपये बताई है।
 
CM र…",RavinderNatural
,"RT @AmanChopra_: इस मामले में अखिलेश यादव ने योगी को पछाड़ा। 

योगी की संपत्ति 1.54 करोड़ 
अखिलेश यादव ने 40.14 करोड़ रुपये बताई है।
 
CM र…",DharSanyog
,"RT @modified_hindu: अमित शाह बना रहे हैं। उम्मीद है चुनाव के आखिरी चरण आते आते अखिलेश यादव सलट जायेंगे। भाजपा 300+ जीत जायेगी।।

#साभार
(10…",kr_saraswat
,"RT @AmanChopra_: इस मामले में अखिलेश यादव ने योगी को पछाड़ा। 

योगी की संपत्ति 1.54 करोड़ 
अखिलेश यादव ने 40.14 करोड़ रुपये बताई है।
 
CM र…",dramanksingh
,"RT @vivekrudar: जन नायक जन की बात करता है। 
और मन का नायक मन की बात करता है। 
अखिलेश यादव जी को प्रदेश की जनता समझ रही है कि हमारा नायक यही…",atri9956
,RT @puneetsinghlive: देश में 700 किसान शहीद हुए. अगर देश के हर कोने में भाजपा का प्रत्याशी कान पकड़कर 700 उठक-बैठक लगाएगा तब भी किसान इ…,rahulrao_sahab
,@BhaskarYadav_ @priyankagandhi बंगाल मे तो अखिलेश यादव 280सीट जीत गये थे।फिर ममता को दान दे दिये।बिहार मे अखिलेश यादव 150सीट जीत गये थे फिर वो लालू को दान देदिये।आसाम मे कितनी सीट अखिलेश यादव जीत गये थे।नही पताहै।सभी मुस्लिम एक तरफ। 2019मे उत्तर प्रदेश मे कितनी सीटे ममता बनर्जी को मिली थी।पताहै,Sunilku44767844
,@juliichauhan सच कहूं तो अखिलेश यादव जितना योगी से नही डरता होगा उससे ज्यादा ऐसे ऐसे पोस्ट देख कर डर जाता होगा..😂😂,humbiharih
,"RT @AmanChopra_: इस मामले में अखिलेश यादव ने योगी को पछाड़ा। 

योगी की संपत्ति 1.54 करोड़ 
अखिलेश यादव ने 40.14 करोड़ रुपये बताई है।
 
CM र…",Prashan22024195
,"RT @samajwadiparty: ये गर्मी निकालना चाहते हैं और हम लोग अपने नौजवानों के लिए नौकरी निकालना चाहते हैं:-

माननीय राष्ट्रीय अध्यक्ष श्री अखि…",Devkant86348570
,"RT @AmanChopra_: इस मामले में अखिलेश यादव ने योगी को पछाड़ा। 

योगी की संपत्ति 1.54 करोड़ 
अखिलेश यादव ने 40.14 करोड़ रुपये बताई है।
 
CM र…",Streamz108
,"RT @modified_hindu: में 29 में 27 जीत गई।

मेरे मित्र EVM में भाजपा की बढ़त देखकर खुश हुए फिर 12 बजे दिन तक जागे रहे है अमेरिका में 6 टाइम…",kr_saraswat
,"RT @janardanmis: अखिलेश यादव के साथ अब बचा ही कौन है?? 
अब्बा जान पहले से ही नाराज हैं 
चचाजान से बातचीत बंद है 
अपर्णा यादव अब उनके परिवार…",Jitendra69
,"RT @Vivek_RLD100: हमारे साथ जब से जयंत चौधरी जी @jayantrld  आए हैं उत्तर प्रदेश की हवा बदल‌ गई है- अखिलेश यादव जी @yadavakhilesh 

भाजपा को…",NarendraBBA
,"RT @AmanChopra_: इस मामले में अखिलेश यादव ने योगी को पछाड़ा। 

योगी की संपत्ति 1.54 करोड़ 
अखिलेश यादव ने 40.14 करोड़ रुपये बताई है।
 
CM र…",AakashV19367314
,"RT @AmanChopra_: इस मामले में अखिलेश यादव ने योगी को पछाड़ा। 

योगी की संपत्ति 1.54 करोड़ 
अखिलेश यादव ने 40.14 करोड़ रुपये बताई है।
 
CM र…",talk2rpgupta
,"अखिलेश यादव आज फ्री में बिजली देने की बात करते हैैं। जब प्रदेश में उनकी सरकार थी तब उन्होंने उत्तर प्रदेश को अंधेरे में रखा था। उनके समय में तो चारो तरफ अंधेरा ही अंधेरा था। इसके अलावा बाकी जो  बचता था उसे वह दंगा-फसाद और कर्फ्यू पूरा कर देता था। 

#10_मार्च_सपा_समाप्त https://t.co/ViBkRBL0Zb",Pt_TeekamSArya
,"RT @AmanChopra_: इस मामले में अखिलेश यादव ने योगी को पछाड़ा। 

योगी की संपत्ति 1.54 करोड़ 
अखिलेश यादव ने 40.14 करोड़ रुपये बताई है।
 
CM र…",AnantGoswami4
,"RT @AmanChopra_: इस मामले में अखिलेश यादव ने योगी को पछाड़ा। 

योगी की संपत्ति 1.54 करोड़ 
अखिलेश यादव ने 40.14 करोड़ रुपये बताई है।
 
CM र…",pcreliance
,RT @atulpradhansp: सरधना विधानसभा क्षेत्रों में पाल समाज का सम्मेलन आयोजित किया गया। इस दौरान भारी संख्या में पाल समाज के लोगों ने माननीय अ…,AmirPas28288803
,"RT @Anuragp8055: 249,पट्टी, प्रतापगढ़ की सम्मानित जनता जनार्दन,माननीय राष्ट्रीय अध्यक्ष समाजवादी पार्टी श्री अखिलेश यादव जी ने 2022 के विधा…",samajvadiparty3
,"इस मामले में अखिलेश यादव ने योगी को पछाड़ा। 

योगी की संपत्ति 1.54 करोड़ 
अखिलेश यादव ने 40.14 करोड़ रुपये बताई है।
 
CM रहते योगी की संपत्ति 61% बढ़ी, 
अखिलेश की 327% बढ़ी थी।

योगी पर एक भी क्रिमिनल केस नहीं है,
अखिलेश पर 3 मामले दर्ज हैं।

#UPElections2022",AjitKum55343638
,RT @AmitShah: अखिलेश यादव ने यूपी को दंगों का प्रदेश बना दिया था...लोनी वालों को मैं कहना चाहता हूँ डरना मत अब यहाँ कोई दंगा नहीं होने वाला…,BalarManubhai
,RT @SPanilsingh: अखिलेश यादव जी ने कहा की जयंत चौधरी जी के साथ आने से यू पी को हवा बदली है https://t.co/PTHLsp0jZO,naveeny55965933
,RT @pankajjha_: आख़िरकार 10 सालों बाद अखिलेश यादव आज रात प्रचार करते हुए नोएडा पहुँचे. मुख्यमंत्री रहते वे 2012 से लेकर 2017 तक कभी नोएडा न…,vikashpurush
,"ये गर्मी निकालना चाहते हैं और हम लोग अपने नौजवानों के लिए नौकरी निकालना चाहते हैं:-
माननीय राष्ट्रीय अध्यक्ष श्री अखिलेश यादव जी https://t.co/EKFQVKDpCu",Abhisheksheelu
,RT @puneetsinghlive: BJP ने जानबूझकर पेपर लीक करवाकर नौकरियों की परीक्षा रद्द करवाई : अखिलेश यादव,deepennsail
,"RT @Tina_Yadav_SP: 8 फ़रवरी को अखिलेश यादव जी के समर्थन में यूपी आयेंगी ममता दीदी…

“यूपी में भी खेला होबे” https://t.co/Cf5OWTB058",KapilSa78121536
,"RT @AmanChopra_: इस मामले में अखिलेश यादव ने योगी को पछाड़ा। 

योगी की संपत्ति 1.54 करोड़ 
अखिलेश यादव ने 40.14 करोड़ रुपये बताई है।
 
CM र…",amarnat66990424
,RT @samajwadiparty: बीजेपी द्वारा लाये गए तीनों काले कानूनों के खिलाफ आंदोलन के दौरान 700 किसान शहीद हुए हैं। बीजेपी का हर उम्मीदवार चाहे 7…,pritidevi_sp
,"RT @samajwadiparty: ये गर्मी निकालना चाहते हैं और हम लोग अपने नौजवानों के लिए नौकरी निकालना चाहते हैं:-

माननीय राष्ट्रीय अध्यक्ष श्री अखि…",shaykhzada
,"RT @AmanChopra_: इस मामले में अखिलेश यादव ने योगी को पछाड़ा। 

योगी की संपत्ति 1.54 करोड़ 
अखिलेश यादव ने 40.14 करोड़ रुपये बताई है।
 
CM र…",Manish56347981
,"RT @AmanChopra_: इस मामले में अखिलेश यादव ने योगी को पछाड़ा। 

योगी की संपत्ति 1.54 करोड़ 
अखिलेश यादव ने 40.14 करोड़ रुपये बताई है।
 
CM र…",KiranKumarSon14
,RT @AkashShankdhar: राम राम सा -  ये मेरा सौभाग्य है। कि में उत्तर प्रदेश के भविष्य और भावी मुख्यमंत्री अखिलेश यादव जी के साथ आज रथ पर खड़ा…,yadavatikkumar
,"RT @dnyadav: भीड़ के लिए अखिलेश यादव और जयंत चौधरी पर कार्रवाई करने वाला चुनाव आयोग अमित शाह और योगी के आगे नतमस्तक हो जाता है?
लोकतंत्र की…",SanjayK81111002
,"फर्क साफ है👇
न्यूज़ खोल कर देख लेना।
हमारे महराज जी के पास अचल सम्पत्ति कुछ भी नही है ।

और वहीं अखिलेश यादव के पास 26 करोड़ 83 लाख की अचल सम्पति है।
🙏🙏🙏 https://t.co/Qz0qLdzKSh",bjp4gorakhpur_
,"RT @News18UP: अलीगढ़ और मथुरा के दौरे पर एसपी अध्यक्ष अखिलेश यादव रहेंगे , सुबह 11.30 बजे अलीगढ़ पहुंचेंगे, 2 बजे के बाद मथुरा भी पहुंचेंगे…",JamwantSharma
,"RT @vikrambagra2: जब 786 वाले एकमत होकर अखिलेश यादव को वोट डालेंगे तो,
हम 1008 वाले भी एकजुट होकर योगी जी को वोट डालेंगे,,
#घर_घर_भाजपा 
#…",Jayhpatel1963
,@socialistaditya माननीय श्री शिवपाल सिंह यादव जी जिंदाबाद जिंदाबाद माननीय श्री अखिलेश यादव जी जिंदाबाद जिंदाबाद आदरणीय श्रीआदित्य यादव जी जिंदाबाद जिंदाबाद आदरणीय श्री नितिन कोहली जी जिंदाबाद जिंदाबाद  प्रगतिशील समाजवादी पार्टी लोहिया समाजवादी पार्टी गठबंधन जिंदाबाद जिंदाबाद,AnandSh35355026
,"RT @ARajesh_SP: भीड़ के लिए अखिलेश यादव और जयंत चौधरी पर कार्रवाई करने वाला चुनाव आयोग अमित शाह और योगी के आगे नतमस्तक हो जाता है?
लोकतंत्र…",Tribhuw66722565
,"RT @ajitanjum: अखिलेश और जयंत के रोड शो से बदलेगा समीकरण ? 
आगरा में अखिलेश यादव और जयंत के साथ बातचीत 
Link 
https://t.co/cpoigeWbCm https…",Avinash58030376
,RT @samajwadiparty: बीजेपी द्वारा लाये गए तीनों काले कानूनों के खिलाफ आंदोलन के दौरान 700 किसान शहीद हुए हैं। बीजेपी का हर उम्मीदवार चाहे 7…,Abhay07Abhi
,"RT @ikrishnaacharya: @narendramodi इस मामले में अखिलेश यादव ने योगी को पछाड़ा। 

योगी की संपत्ति 1.54 करोड़ 
अखिलेश यादव ने 40.14 करोड़ रुप…",ShyamKu38529136
,"RT @nikhilpatel_Bjp: सपा सरकार में भ्रष्टाचार की भेंट चढ़ गया प्रदेश।
अखिलेश यादव ने जमकर लूटा जनता को 

खूब फैलाया क्लेश। @iSinghApurva @b…",SanjayDhobi10
,"RT @AmanChopra_: इस मामले में अखिलेश यादव ने योगी को पछाड़ा। 

योगी की संपत्ति 1.54 करोड़ 
अखिलेश यादव ने 40.14 करोड़ रुपये बताई है।
 
CM र…",Billibhai2010
,"@yadavakhilesh अखिलेश यादव के साथ अब बचा ही कौन है?? 
अब्बा जान पहले से ही नाराज हैं 
चचाजान से बातचीत बंद है 
अपर्णा यादव अब उनके परिवार की नहीं रही 
और उत्तर प्रदेश की जनता तो उन्हें टोंटी चोर कहती है",SumairaIND_
,"RT @AmanChopra_: इस मामले में अखिलेश यादव ने योगी को पछाड़ा। 

योगी की संपत्ति 1.54 करोड़ 
अखिलेश यादव ने 40.14 करोड़ रुपये बताई है।
 
CM र…",NikhilS03528967
,"RT @News18UP: #BreakingNews 
अपर्णा यादव @aparnabisht7  ने बाराबंकी में जनसभा को संबोधित किया... इस दौरान उनके सामने अखिलेश यादव @yadavakhi…",DrPremShankerS1
,RT @anuragspparty: आज समाजवादी पार्टी के राष्ट्रीय अध्यक्ष श्री अखिलेश यादव जी के निर्देश पर लखनऊ पूर्वी विधान सभा से प्रत्याशी के रूप में…,Sanjeev97869422
,"RT @DattRajeev: योगी आदित्यनाथ फकीर या अखिलेश यादव अमीर? एक के पास रिवॉल्वर, दूसरे के पास 40 करोड़ की संपत्ति

https://t.co/OY8mVqFBNt

For…",chaspaa
,"RT @samajwadiparty: ये गर्मी निकालना चाहते हैं और हम लोग अपने नौजवानों के लिए नौकरी निकालना चाहते हैं:-

माननीय राष्ट्रीय अध्यक्ष श्री अखि…",kumaraj25
,RT @puneetsinghlive: BJP ने जानबूझकर पेपर लीक करवाकर नौकरियों की परीक्षा रद्द करवाई : अखिलेश यादव,Bittusb1
,"UP: सपा चीफ अखिलेश यादव आज अलीगढ़ और मथुरा में चुनाव प्रचार करेंगे #JanhitTimes 

#Akhilesh_Yadav @yadavakhilesh #Aligarh #Mathura #Elections2022 #UPElections2022 @samajwadiparty https://t.co/5MjwMI4CRj",janhit_times
,"RT @ARajesh_SP: भीड़ के लिए अखिलेश यादव और जयंत चौधरी पर कार्रवाई करने वाला चुनाव आयोग अमित शाह और योगी के आगे नतमस्तक हो जाता है?
लोकतंत्र…",Spsagaryadav
,"डोर टू डोर जनसंपर्क.. 
श्री #अखिलेश यादव जिंदाबाद
#समाजवादी पार्टी जिंदाबाद
@samajwadiparty https://t.co/GTzCSd8NrK",SubhashA2Y
,"RT @AmanChopra_: इस मामले में अखिलेश यादव ने योगी को पछाड़ा। 

योगी की संपत्ति 1.54 करोड़ 
अखिलेश यादव ने 40.14 करोड़ रुपये बताई है।
 
CM र…",fatehsinghsaini
,"RT @samajwadiparty: ये गर्मी निकालना चाहते हैं और हम लोग अपने नौजवानों के लिए नौकरी निकालना चाहते हैं:-

माननीय राष्ट्रीय अध्यक्ष श्री अखि…",Tribhuw66722565
,"RT @AmanChopra_: इस मामले में अखिलेश यादव ने योगी को पछाड़ा। 

योगी की संपत्ति 1.54 करोड़ 
अखिलेश यादव ने 40.14 करोड़ रुपये बताई है।
 
CM र…",sureshP1934
,"RT @Ermanish7272: वोट तो हमारा #समाजवादी को ही जायेगा क्योकि,
      हमारा #वक्त खराब हो सकता है #रक्त  नही..!! 
                     
#जय_स…",naveeny55965933
,RT @RADHA_83: याद है नकली समाजवादी अखिलेश यादव की सरकार में बदायूं में दो नाबालिग लड़कियों का रेप के बाद मर्डर हुआ और वो पेड़ पर लटका दी ग…,raj98268162
,"RT @AmanChopra_: इस मामले में अखिलेश यादव ने योगी को पछाड़ा। 

योगी की संपत्ति 1.54 करोड़ 
अखिलेश यादव ने 40.14 करोड़ रुपये बताई है।
 
CM र…",trs2408
,"गुर्जर अस्मिता पर सिमटते चुनाव पर अखिलेश यादव का दादरी आना  खोल सकता है गौतम बुध नगर में सपा का खाता https://t.co/FBJ55FPjbG #NCRKhabar #UPElections2022  @yadavakhilesh @rajkumarbhatisp @AvtarBhadanaMP 
Story : @ashubhatnaagar",NCRKHABAR
,"@Sudheer68862259 @yadavakhilesh @profamishra बीएड टेट २०११ हर विधानसभा में सपा का परचम लहरायेगा, अखिलेश यादव को सीएम बनाकर खुशहाल प्रदेश बनायेगा। https://t.co/PhMJlqZMOY",HariPrasadShu12
,"RT @Vivek_RLD100: हमारे साथ जब से जयंत चौधरी जी @jayantrld  आए हैं उत्तर प्रदेश की हवा बदल‌ गई है- अखिलेश यादव जी @yadavakhilesh 

भाजपा को…",techie_MD1
,"RT @AmanChopra_: इस मामले में अखिलेश यादव ने योगी को पछाड़ा। 

योगी की संपत्ति 1.54 करोड़ 
अखिलेश यादव ने 40.14 करोड़ रुपये बताई है।
 
CM र…",RitikJaihind
,"RT @AmanChopra_: इस मामले में अखिलेश यादव ने योगी को पछाड़ा। 

योगी की संपत्ति 1.54 करोड़ 
अखिलेश यादव ने 40.14 करोड़ रुपये बताई है।
 
CM र…",dineshkumar8719
,"RT @RADHA_83: याद है बुलंदशहर में माँ-बेटी से रेप का मामला ?
 12 लोगों ने माँ-बेटी का रेप किया था लेकिन उस समय न अखिलेश कानून व्यवस्था की…",raj98268162
,"RT @AmanChopra_: इस मामले में अखिलेश यादव ने योगी को पछाड़ा। 

योगी की संपत्ति 1.54 करोड़ 
अखिलेश यादव ने 40.14 करोड़ रुपये बताई है।
 
CM र…",JayShukla3344
,"RT @AmitShah: अखिलेश यादव की सरकार बनी तो यूपी में फिर से लाल और हरी लाइट का शासन आ जाएगा।

जब भी यूपी के विकास की बात होगी तो लाल लाइट दि…",KelseyE80338386
,"RT @AmanChopra_: इस मामले में अखिलेश यादव ने योगी को पछाड़ा। 

योगी की संपत्ति 1.54 करोड़ 
अखिलेश यादव ने 40.14 करोड़ रुपये बताई है।
 
CM र…",Avinashvaishy12
,"@Akhilesh_parody @yadavakhilesh जन जन की यही पुकार अबकी बार समाजवादी की सरकार जय अखिलेश भैया जी
अनुज यादव",AnujYad87239980
,"RT @samajwadiparty: ये गर्मी निकालना चाहते हैं और हम लोग अपने नौजवानों के लिए नौकरी निकालना चाहते हैं:-

माननीय राष्ट्रीय अध्यक्ष श्री अखि…",SiddhantkumarK4
,"RT @AmanChopra_: इस मामले में अखिलेश यादव ने योगी को पछाड़ा। 

योगी की संपत्ति 1.54 करोड़ 
अखिलेश यादव ने 40.14 करोड़ रुपये बताई है।
 
CM र…",mudgaldev999
,"RT @yadavsanjay_sp: उत्तर प्रदेश में शीत लहर से ज्यादा मा० अखिलेश यादव जी की लहर है,
जिससे भाजपाई थर थर कांप रहे है।
 #बाइस_में_बाइसकिल 
@G…",YaduwanshiMalk1
,"RT @lkoabhishek: ये है असली समाजवाद ये पाकिस्तान बनाने का इरादा लेकर चुनाव में उतरे हैं ।

घटिया और निर्लज्ज राजनीति की पराकाष्ठा है , अखि…",AbhishekBjpknj
,"249,पट्टी, प्रतापगढ़ की सम्मानित जनता जनार्दन,माननीय राष्ट्रीय अध्यक्ष समाजवादी पार्टी श्री अखिलेश यादव जी ने 2022 के विधानसभा चुनाव में 249, पट्टी के प्रत्याशी के रूप में पुन: मेरे ऊपर विश्वास जताया है। https://t.co/0OZpXyjSVi",Anuragp8055
,"RT @ajitanjum: अखिलेश और जयंत के रोड शो से बदलेगा समीकरण ? 
आगरा में अखिलेश यादव और जयंत के साथ बातचीत 
Link 
https://t.co/cpoigeWbCm https…",haroonR49925004
,"RT @ErTiwari_ji29: अखिलेश यादव का शैक्षिक योग्यता और कहा से पढ़े हैं वो देखे आस्ट्रेलिया की डिग्री गायब है ,
मतलब अखिलेश यादव ऑस्ट्रेलिया प…",ErTiwari_ji29
,"RT @AmanChopra_: इस मामले में अखिलेश यादव ने योगी को पछाड़ा। 

योगी की संपत्ति 1.54 करोड़ 
अखिलेश यादव ने 40.14 करोड़ रुपये बताई है।
 
CM र…",roushan39566830
,"RT @PrashantTandy: योगी की 'ठोक दो' भाषा से यूपी में बीजेपी को नुकसान हो रहा है.
मेरठ और मुज़फ्फरनगर की पांच विधानसभाओं के ग्रामीण इलाकों…",AjaiSingh71
,"RT @iHassanpatel: जब मुसलमान अखिलेश यादव पे अपनी जवानी ही क़ुर्बान कर रहा है। तो दाढ़ी क़ुर्बान करना कौन सी बड़ी बात है?
अगर किसी दाढ़ी वा…",Mohammadhusain0
,"RT @AmanChopra_: इस मामले में अखिलेश यादव ने योगी को पछाड़ा। 

योगी की संपत्ति 1.54 करोड़ 
अखिलेश यादव ने 40.14 करोड़ रुपये बताई है।
 
CM र…",risabhrathor
,"RT @Mirzapuroffical: विंध्याचल पहुँची पूर्व मुख्यमंत्री अखिलेश यादव की पत्नी डिंपल यादव, आगामी चुनाव पहले डिंपल यादव ने की शक्ति पूजा : @Ra…",RaviYadavMedia
,"RT @YPSMMD_Azad01: अखिलेश यादव - हाय रे मेरी साईकिल को लटका दिया इस उत्तर प्रदेश की जनता ने फिर से ।😭😭😭

अब में क्या करू 2027 में आ ऊ  की न…",avinash0785
,"RT @ajitanjum: अखिलेश और जयंत के रोड शो से बदलेगा समीकरण ? 
आगरा में अखिलेश यादव और जयंत के साथ बातचीत 
Link 
https://t.co/cpoigeWbCm https…",Abhi30Singh
,"RT @samajwadiparty: ये गर्मी निकालना चाहते हैं और हम लोग अपने नौजवानों के लिए नौकरी निकालना चाहते हैं:-

माननीय राष्ट्रीय अध्यक्ष श्री अखि…",satish10789522
,"RT @AmanChopra_: इस मामले में अखिलेश यादव ने योगी को पछाड़ा। 

योगी की संपत्ति 1.54 करोड़ 
अखिलेश यादव ने 40.14 करोड़ रुपये बताई है।
 
CM र…",ajitsingh0106
,"RT @AmanChopra_: इस मामले में अखिलेश यादव ने योगी को पछाड़ा। 

योगी की संपत्ति 1.54 करोड़ 
अखिलेश यादव ने 40.14 करोड़ रुपये बताई है।
 
CM र…",ArunTyagi197
,"RT @janardanmis: अखिलेश यादव के साथ अब बचा ही कौन है?? 
अब्बा जान पहले से ही नाराज हैं 
चचाजान से बातचीत बंद है 
अपर्णा यादव अब उनके परिवार…",Shivamraikwar72
,"RT @krishnagopalya5: 8 फ़रवरी को अखिलेश यादव जी के समर्थन में यूपी आयेंगी ममता दीदी…

“यूपी में भी खेला होबे” https://t.co/W5PHpGYZPW",satish10789522
,RT @AkashShankdhar: राम राम सा -  ये मेरा सौभाग्य है। कि में उत्तर प्रदेश के भविष्य और भावी मुख्यमंत्री अखिलेश यादव जी के साथ आज रथ पर खड़ा…,adhar_amitabh
,"#UPElection #SupremeCourtofIndia
#UPPolice
ये शब्द कभी सुना हो आपने  शायद जनसभा मे!

क्या ऐसे नेता का मानसिक इलाज होगा ?
ऐसे नेता सरकार चलायेगे 
#चुनाव_आयोग ऐसे नेताओ पर सख्त कार्रवाई करे

अखिलेश यादव के सारे नेता ऐसे ही क्यूँ हैं ?जनता को गाली देते हैं, गुंडागर्दी करते हैं 😡 https://t.co/UVq2aYNYW5",DharmNagari
,"RT @RakeshK83084410: @Sudheer68862259 @yadavakhilesh @profamishra बीएड टेट २०११ हर विधानसभा में सपा का परचम लहरायेगा, अखिलेश यादव को सीएम ब…",HariPrasadShu12
,"RT @samajwadiparty: ""हमारे बाबा मुख्यमंत्री ने किसी फसल की कीमत नहीं दी... हमारे किसानों के ऊपर तीन काले कृषि कानून लाए गए... जिन्हें किसा…",atul737930
,"RT @RohitSa1110: 👮‍♂️अखिलेश यादव के खिलाफ FIR अखिलेश-जयंत समेत 400 समर्थकों पर FIR, चुनाव प्रचार के दौरान आचार संहिता के उल्लघंन का आरोप ht…",Mukeshabvp888
,"RT @AmanChopra_: इस मामले में अखिलेश यादव ने योगी को पछाड़ा। 

योगी की संपत्ति 1.54 करोड़ 
अखिलेश यादव ने 40.14 करोड़ रुपये बताई है।
 
CM र…",Kanishk80573429
,जो भी मुसलमान अखिलेश यादव पर जवानी कुर्बान करता है उनके लिए न्यूज कफी है की एसपी पार्टी में मुसलमानों की क्या औकत है https://t.co/JAL4zzcQV1,MohdAmi69315342
,"RT @Mirzapuroffical: विंध्याचल पहुँची पूर्व मुख्यमंत्री अखिलेश यादव की पत्नी डिंपल यादव, आगामी चुनाव पहले डिंपल यादव ने की शक्ति पूजा : @Ra…",RvIJji85fiRiNFZ
,"RT @ajitanjum: अखिलेश और जयंत के रोड शो से बदलेगा समीकरण ? 
आगरा में अखिलेश यादव और जयंत के साथ बातचीत 
Link 
https://t.co/cpoigeWbCm https…",SanjayK81111002
,RT @AkashShankdhar: अगर समाजवादी सरकार होती। और इस मां को घर तक पहुंचाने के लिए अगर मुझे DM की गाड़ी छीननी पड़ती तो में गाड़ी छीनकर मां को…,techie_MD1
,RT @samajwadiparty: समाजवादी पार्टी की नीतियों और राष्ट्रीय अध्यक्ष एवं पूर्व मुख्यमंत्री श्री अखिलेश यादव के नेतृत्व पर आस्था जताते हुए मु…,Akhiles47841048
,"RT @RajivPa64534116: ★ जमीन
●अखिलेश यादव: 17 एकड़ लगभग.
●योगी               : कोई जमीन नही.

★ मकान
● अखिलेश यादव: गैर खेती भूमि, मकान 17 क…",VISHNUBHARATIY3
,"RT @shanu_sab: जब मुसलमान अखिलेश यादव पे अपनी जवानी ही क़ुर्बान कर रहा है। तो दाढ़ी क़ुर्बान करना कौन सी बड़ी बात है?
अगर किसी दाढ़ी वाले…",SaadGhazi95
,"RT @AmanChopra_: इस मामले में अखिलेश यादव ने योगी को पछाड़ा। 

योगी की संपत्ति 1.54 करोड़ 
अखिलेश यादव ने 40.14 करोड़ रुपये बताई है।
 
CM र…",NitishPareek123
,"#BreakingNews 
अपर्णा यादव @aparnabisht7  ने बाराबंकी में जनसभा को संबोधित किया... इस दौरान उनके सामने अखिलेश यादव @yadavakhilesh  के समर्थकों ने नारेबाज़ी कर दी.. ऐसे में अपर्णा ने विरोधियों को मुंहतोड़ जवाब दिया और कहा कि मैं शेरनी हूं, किसी से डरती नहीं...@ZSiddiki @News18UP https://t.co/xm3fRJHMQx",News18UP
,"RT @AmanChopra_: इस मामले में अखिलेश यादव ने योगी को पछाड़ा। 

योगी की संपत्ति 1.54 करोड़ 
अखिलेश यादव ने 40.14 करोड़ रुपये बताई है।
 
CM र…",Prince__Saiyans
,"RT @samajwadiparty: ""हमारे बाबा मुख्यमंत्री ने किसी फसल की कीमत नहीं दी... हमारे किसानों के ऊपर तीन काले कृषि कानून लाए गए... जिन्हें किसा…",gauravporwal17
,"RT @samajwadiparty: ये गर्मी निकालना चाहते हैं और हम लोग अपने नौजवानों के लिए नौकरी निकालना चाहते हैं:-

माननीय राष्ट्रीय अध्यक्ष श्री अखि…",AmirPas28288803
,"RT @Ermanish7272: वोट तो हमारा #समाजवादी को ही जायेगा क्योकि,
      हमारा #वक्त खराब हो सकता है #रक्त  नही..!! 
                     
#जय_स…",Priyasmajvadi
,"RT @Vivek_RLD100: हमारे साथ जब से जयंत चौधरी जी @jayantrld  आए हैं उत्तर प्रदेश की हवा बदल‌ गई है- अखिलेश यादव जी @yadavakhilesh 

भाजपा को…",MohdNih43630777
,"RT @varshneygaurav: फर्क साफ है👇
न्यूज़ खोल कर देख लेना।
हमारे महराज जी के पास अचल सम्पत्ति कुछ भी नही है ।

और वहीं अखिलेश यादव के पास 26…",nekrampandey1
,"RT @RajivPa64534116: समाजवाद बनाम राष्ट्रवाद संपत्ति(चुनावी हलफनामा) ..

★ कुल संपत्ति
●अखिलेश यादव: 40 करोड़ लगभग.
●योगीजी           : 1.5…",VISHNUBHARATIY3
,"RT @AmanChopra_: इस मामले में अखिलेश यादव ने योगी को पछाड़ा। 

योगी की संपत्ति 1.54 करोड़ 
अखिलेश यादव ने 40.14 करोड़ रुपये बताई है।
 
CM र…",Bholanath_bsnl
,"RT @SwamiPMaurya: भाजपा सरकार, समाजवादी पार्टी के राष्ट्रीय अध्यक्ष, श्री अखिलेश यादव जी के हेलीकॉप्टर को भले ही रोक ले लेकिन समाजवादी पा…",rahulpsinha08
,"RT @ajitanjum: अखिलेश और जयंत के रोड शो से बदलेगा समीकरण ? 
आगरा में अखिलेश यादव और जयंत के साथ बातचीत 
Link 
https://t.co/cpoigeWbCm https…",AtishYadav9122
,"RT @kYkIWEyvvFlxv4c: ये गर्मी निकालना चाहते हैं और हम लोग अपने नौजवानों के लिए नौकरी निकालना चाहते हैं:-

माननीय राष्ट्रीय अध्यक्ष श्री अखि…",Spsagaryadav
,"RT @janardanmis: अखिलेश यादव के साथ अब बचा ही कौन है?? 
अब्बा जान पहले से ही नाराज हैं 
चचाजान से बातचीत बंद है 
अपर्णा यादव अब उनके परिवार…",ImAjha97
,"RT @AmanChopra_: इस मामले में अखिलेश यादव ने योगी को पछाड़ा। 

योगी की संपत्ति 1.54 करोड़ 
अखिलेश यादव ने 40.14 करोड़ रुपये बताई है।
 
CM र…",deepdips001
,"RT @AmanChopra_: इस मामले में अखिलेश यादव ने योगी को पछाड़ा। 

योगी की संपत्ति 1.54 करोड़ 
अखिलेश यादव ने 40.14 करोड़ रुपये बताई है।
 
CM र…",181Ravindra
,"RT @ikrishnaacharya: @narendramodi इस मामले में अखिलेश यादव ने योगी को पछाड़ा। 

योगी की संपत्ति 1.54 करोड़ 
अखिलेश यादव ने 40.14 करोड़ रुप…",Mohit__45
,अखिलेशयादव को लगता है कि प्रदेश की जनता उनके काम करने के तरीके से वाकिफ नहीं हैं तो यह उनकी भुल है जनता को पता है कि अखिलेश यादव को गुण्डो मवालियो पर विश्वास है। https://t.co/tv1F7hjkEH,raiawadhesh1
,"@Gyanpra65533145 कोई ऐसा बलातकारी, लुटेरा नही बचा जिसको अखिलेश यादव ने टिकट न दिया हो https://t.co/U2nzZoWD3e",yaduvansiashok7
,"RT @Tina_Yadav_SP: मुख्यमंत्री गर्मी की बात बोल रहे हैं 

हम सरकार बन जाने पर युवाओं को नौकरी में ‘भर्ती’ देंगे - 

श्री अखिलेश यादव जी htt…",ragibrana15
,"RT @AmanChopra_: इस मामले में अखिलेश यादव ने योगी को पछाड़ा। 

योगी की संपत्ति 1.54 करोड़ 
अखिलेश यादव ने 40.14 करोड़ रुपये बताई है।
 
CM र…",RkJeengar
,RT @TanveerAhmad__: 8 फ़रवरी को अखिलेश यादव जी के समर्थन में यूपी आयेंगी ममता दीदी - “यूपी में भी खेला होबे” !,IsraarHussain14
,"RT @AmanChopra_: इस मामले में अखिलेश यादव ने योगी को पछाड़ा। 

योगी की संपत्ति 1.54 करोड़ 
अखिलेश यादव ने 40.14 करोड़ रुपये बताई है।
 
CM र…",Praveen66984290
,"RT @janardanmis: अखिलेश यादव के साथ अब बचा ही कौन है?? 
अब्बा जान पहले से ही नाराज हैं 
चचाजान से बातचीत बंद है 
अपर्णा यादव अब उनके परिवार…",MbaRajeev
,"इस मामले में अखिलेश यादव ने योगी को पछाड़ा। 

योगी की संपत्ति 1.54 करोड़ 
अखिलेश यादव ने 40.14 करोड़ रुपये बताई है।
 
CM रहते योगी की संपत्ति 61% बढ़ी, 
अखिलेश की 327% बढ़ी थी।

योगी पर एक भी क्रिमिनल केस नहीं है,
अखिलेश पर 3 मामले दर्ज हैं।

#UPElections2022",niraladilip2
,"जब मुसलमान अखिलेश यादव पे अपनी जवानी ही क़ुर्बान कर रहा है। तो दाढ़ी क़ुर्बान करना कौन सी बड़ी बात है?
अगर किसी दाढ़ी वाले मुसलमान को बिन्दकी विधानसभा क्षेत्र में सपा प्रत्याशी के लिए कैंपेन करने जाना हो तो भाई शेविंग करवाके जाना। दाढ़ी तो फिर दुबारा आ ही जाएगी। @asadowaisi https://t.co/w2GbyiFXWF",iHassanpatel
,"RT @ajitanjum: अखिलेश और जयंत के रोड शो से बदलेगा समीकरण ? 
आगरा में अखिलेश यादव और जयंत के साथ बातचीत 
Link 
https://t.co/cpoigeWbCm https…",vineetchandyad2
,"RT @AmanChopra_: इस मामले में अखिलेश यादव ने योगी को पछाड़ा। 

योगी की संपत्ति 1.54 करोड़ 
अखिलेश यादव ने 40.14 करोड़ रुपये बताई है।
 
CM र…",sachiinji
,"RT @janardanmis: अखिलेश यादव के साथ अब बचा ही कौन है?? 
अब्बा जान पहले से ही नाराज हैं 
चचाजान से बातचीत बंद है 
अपर्णा यादव अब उनके परिवार…",DeepakUHF
,"RT @iparthpatel: उत्तर प्रदेश चुनाव ऐलान के बाद अमित शाह और योगीजी नींद में अखिलेश यादव, जयंत चौधरी और प्रियंका गांधी के नाम की माला जपते…",dhrubachoudhur5
,"RT @bstvlive: Aligarh

➡सपा अध्यक्ष अखिलेश यादव आज अलीगढ़ में

➡कार्यकर्ताओं को चुनाव के मद्देनजर करेंगे संबोधित

➡दोपहर 12 बजे यश रेजिडें…",SULENDRAYADAV20
,"RT @AmanChopra_: इस मामले में अखिलेश यादव ने योगी को पछाड़ा। 

योगी की संपत्ति 1.54 करोड़ 
अखिलेश यादव ने 40.14 करोड़ रुपये बताई है।
 
CM र…",Anamika_Hindu1
,RT @puneetsinghlive: BJP ने जानबूझकर पेपर लीक करवाकर नौकरियों की परीक्षा रद्द करवाई : अखिलेश यादव,RTIACTI96419602
,RT @pkjawla11: शामली विधानसभा में जयंत सिंह जी और अखिलेश यादव जी के साथ विजय रथ यात्रा की कुछ झलकियां... https://t.co/KQFqE3SB6L,AmitKum53241848
,"RT @shanu_sab: जब मुसलमान अखिलेश यादव पे अपनी जवानी ही क़ुर्बान कर रहा है। तो दाढ़ी क़ुर्बान करना कौन सी बड़ी बात है?
अगर किसी दाढ़ी वाले…",MainuddinIsrar
,"RT @RakeshK83084410: @Sudheer68862259 @yadavakhilesh @profamishra बीएड टेट २०११ हर विधानसभा में सपा का परचम लहरायेगा, अखिलेश यादव को सीएम ब…",SHAILENDRAJAUN1
,"RT @janardanmis: अखिलेश यादव के साथ अब बचा ही कौन है?? 
अब्बा जान पहले से ही नाराज हैं 
चचाजान से बातचीत बंद है 
अपर्णा यादव अब उनके परिवार…",12jay_shree_ram
,"RT @AmanChopra_: इस मामले में अखिलेश यादव ने योगी को पछाड़ा। 

योगी की संपत्ति 1.54 करोड़ 
अखिलेश यादव ने 40.14 करोड़ रुपये बताई है।
 
CM र…",Sachinchandel28
,"RT @Rishike24846194: @Sudheer68862259 @yadavakhilesh @profamishra बीएड टेट 2011 संगठन जिंदाबाद,अखिलेश यादव जिन्दाबाद।",SHAILENDRAJAUN1
,"RT @AmanChopra_: इस मामले में अखिलेश यादव ने योगी को पछाड़ा। 

योगी की संपत्ति 1.54 करोड़ 
अखिलेश यादव ने 40.14 करोड़ रुपये बताई है।
 
CM र…",Dhiraj_Paliwal_
,"RT @AmanChopra_: इस मामले में अखिलेश यादव ने योगी को पछाड़ा। 

योगी की संपत्ति 1.54 करोड़ 
अखिलेश यादव ने 40.14 करोड़ रुपये बताई है।
 
CM र…",NamNam87622173
,"RT @AmanChopra_: इस मामले में अखिलेश यादव ने योगी को पछाड़ा। 

योगी की संपत्ति 1.54 करोड़ 
अखिलेश यादव ने 40.14 करोड़ रुपये बताई है।
 
CM र…",Vikashthakur222
,"RT @ARajesh_SP: भीड़ के लिए अखिलेश यादव और जयंत चौधरी पर कार्रवाई करने वाला चुनाव आयोग अमित शाह और योगी के आगे नतमस्तक हो जाता है?
लोकतंत्र…",PramodYadav43
,RT @VikashPreetam: यह कैसा समाजवाद है? जहाँ अपनी पिता की उम्र के समाजवादी नेता रामगोविंद चौधरी से अखिलेश यादव अपने पैर छुआ रहे हैं। https:/…,sunilcpinjani
,"RT @AmanChopra_: इस मामले में अखिलेश यादव ने योगी को पछाड़ा। 

योगी की संपत्ति 1.54 करोड़ 
अखिलेश यादव ने 40.14 करोड़ रुपये बताई है।
 
CM र…",Praful18099300
,"RT @bstvlive: #Etawah : इटावा में बोले रामगोपाल यादव-अखिलेश के आगे नही ठहर रहा देश का कोई नेता, यूपी में आ रही सपा सरकार…

@proframgopalya1…",AnujKum70692284
,"RT @Vivek_RLD100: हमारे साथ जब से जयंत चौधरी जी @jayantrld  आए हैं उत्तर प्रदेश की हवा बदल‌ गई है- अखिलेश यादव जी @yadavakhilesh 

भाजपा को…",bhanwarbudaniya
,"जो भी करना स्टाम्प पर लिख कर दे दिया
नो जुमलेबाजी नो बकबक
समाजवादी पार्टी जिंदाबाद अखिलेश यादव जिंदाबाद अरविंद सिंह गोप जिंदाबाद https://t.co/LXJkvKpsPa",pal30051779_pal
,"RT @bstvlive: Mirzapur 

➡अखिलेश की पत्नी डिम्पल यादव पहुंचीं मिर्जापुर

➡डिम्पल यादव ने मां विंध्यवासिनी के दर्शन किए

➡यूपी चुनाव के बीच…",AmitKum53241848
,"जिसके बडे भाई - श्री मुल्ला मुलायमसिंह - ने 
"" रामभक्तों पर गोलियां चलाई "" उसीका छोटा भाई - श्री रामगोपाल यादव - बोल रहें हैं - 
"" यदि अखिलेश यादवकी सरकार बनीं तो श्रीराम मंदिर और तेज रफ्तार से बनायेंगे "" 

"" ईससे विडंबनात्मक बात और क्या हो सकती हैं "" ?",DamaleHemanta
,"RT @ajitanjum: अखिलेश और जयंत के रोड शो से बदलेगा समीकरण ? 
आगरा में अखिलेश यादव और जयंत के साथ बातचीत 
Link 
https://t.co/cpoigeWbCm https…",Vivekya65104485
,"ये गर्मी निकालना चाहते हैं और हम लोग अपने नौजवानों के लिए नौकरी निकालना चाहते हैं:-

माननीय राष्ट्रीय अध्यक्ष श्री अखिलेश यादव जी
@yadavakhilesh @ManojSinghKAKA https://t.co/7hg2MWf20j",rajsinghyadav02
,"RT @ajitanjum: अखिलेश और जयंत के रोड शो से बदलेगा समीकरण ? 
आगरा में अखिलेश यादव और जयंत के साथ बातचीत 
Link 
https://t.co/cpoigeWbCm https…",Kedar03772841
,"RT @AmanChopra_: इस मामले में अखिलेश यादव ने योगी को पछाड़ा। 

योगी की संपत्ति 1.54 करोड़ 
अखिलेश यादव ने 40.14 करोड़ रुपये बताई है।
 
CM र…",ViralBudbak
,"#UPDATE 

UP: सपा चीफ अखिलेश यादव आज अलीगढ़ और मथुरा में चुनाव प्रचार करेंगे.

@yadavakhilesh @samajwadiparty #Election2022 https://t.co/zW2NPpDUvA",purusharthlive
,"RT @Mahendr00755635: मुजफ्फरनगर दंगों के बाद जब जाट सीबिर केम्पो में ठंड से मर रहे थे
उस समय अखिलेश यादव, अपने बाप के साथ वॉलीबुड की हीरोइ…",Prempal56573695
,RT @MalikBirpal: अखिलेश यादव जी ने कहा की जयंत चौधरी जी के साथ आने से यू पी को हवा बदली है https://t.co/idjS7W6vPe,AmitKum53241848
,"RT @AmanChopra_: इस मामले में अखिलेश यादव ने योगी को पछाड़ा। 

योगी की संपत्ति 1.54 करोड़ 
अखिलेश यादव ने 40.14 करोड़ रुपये बताई है।
 
CM र…",reallucky0
,"RT @bstvlive: Mathura

➡अखिलेश यादव और जयंत चौधरी का मथुरा दौरा

➡मांट में अखिलेश सपा-RLD प्रत्याशी के पक्ष में करेंगे प्रचार

➡गोवर्धन में…",ArjunSinghKas16
